Time,V1,V2,V3,V4,V5,V6,V7,V8,V9,V10,V11,V12,V13,V14,V15,V16,V17,V18,V19,V20,V21,V22,V23,V24,V25,V26,V27,V28,Amount,user_id,prediction,timestamp
130178.1329,-52.8826,-62.0761,8.757,6.3831,-10.981,5.3194,75.0725,-40.4468,-8.3856,16.9942,4.0671,-1.0878,-1.4631,-3.5137,7.9595,-0.6536,-4.9552,3.8779,0.9808,23.8768,-18.2679,-2.4877,-27.741,2.2047,-9.5157,0.8168,28.3469,31.2011,2963.1944,3751,LEGIT,09:16:13
132440.6968,-44.5963,-14.3082,-8.4728,14.5016,-49.8725,-19.659,46.8643,-21.8174,-0.8421,12.378,9.9328,-1.6981,6.0767,4.1732,4.2561,14.9647,-21.2498,-6.0646,-4.7325,-22.7185,27.0725,-5.9013,17.7064,0.8834,-7.7307,-0.5864,25.4544,-10.4047,11801.8692,5105,LEGIT,09:16:14
27012.9959,-39.5113,-47.3354,-29.4379,2.926,-19.0752,71.3506,-7.6096,-56.5219,7.0621,-19.9625,9.1709,6.3427,0.4523,-17.0899,7.7533,-12.9317,0.2852,-2.3864,0.8696,-34.8219,-9.6629,4.7984,-21.8834,-1.5223,4.0644,2.4331,29.1902,13.3816,7712.9462,6335,LEGIT,09:16:15
149670.7503,-43.5975,-20.6231,9.1861,14.7926,17.3702,56.6816,-14.989,-14.2541,-0.2458,-14.3071,11.8523,5.2258,-4.1887,10.1983,8.6046,10.8443,-6.9505,3.9758,0.4005,2.5177,22.3498,-3.6521,-41.3338,0.6782,-7.4499,-1.0889,8.5598,11.7181,12486.6565,8776,LEGIT,09:16:16
130129.6529,-8.3325,-39.0377,-29.7289,13.4209,-34.2222,10.3786,93.1072,-61.9227,9.4425,5.6716,9.1543,-0.8765,2.7716,6.0225,1.7966,-7.9687,3.4259,-9.3757,-0.853,-20.7042,-12.2324,-5.0435,15.0867,0.7186,4.0582,2.7388,22.8868,4.8442,6814.1657,4216,LEGIT,09:16:17
145195.8548,-3.4908,9.9222,-37.2622,-5.2212,-103.8061,42.7479,19.4268,-43.0148,6.9763,-13.561,5.9377,3.3829,2.9983,-7.4351,-3.6451,13.4566,-10.5643,4.9564,0.5064,-20.1017,13.973,-10.2085,-39.1152,-2.4339,-8.6552,0.1173,19.9026,15.2786,21550.7853,5963,LEGIT,09:16:18
65921.5503,-27.1397,-44.655,-41.7715,-3.7283,-69.4406,38.5429,53.9501,-24.5657,3.5016,15.768,5.8546,-11.3871,2.2231,6.6427,2.5182,5.8711,-14.8779,-6.099,-5.2882,-34.5489,-30.3599,-9.6332,-38.4154,3.0988,-0.8145,1.6624,0.5245,32.4445,4299.3913,1915,LEGIT,09:16:19
40181.2752,-49.3729,-47.0382,-41.2676,8.1394,-4.3239,4.8239,1.7514,-7.3845,-8.5057,-24.0465,-2.3878,-0.5509,6.0735,-8.6157,5.7839,6.7651,-5.3797,-3.6912,-5.1589,5.7733,-20.2855,6.1919,19.0826,3.6532,-4.3339,-1.4283,25.2933,22.7884,17432.8469,7666,LEGIT,09:16:20
48037.1438,-33.3033,-55.0343,6.9849,-2.8556,-51.789,28.0295,-17.3149,2.8363,11.7942,-8.6396,2.6588,-6.491,3.1891,-0.1189,-3.5353,-13.2947,-7.9203,1.4328,-1.4546,-20.4423,-28.1335,-1.2787,-29.4227,-0.3151,-2.8316,-1.9002,-4.4667,-6.8257,11590.1167,7657,LEGIT,09:16:21
70588.2895,-2.207,3.7512,-11.0425,1.5219,-110.4214,-8.7267,-9.4632,-4.4613,-3.4211,-0.9785,6.4292,2.9569,-2.921,5.1057,-2.8059,12.1295,3.9096,-7.6929,-4.1334,-6.8318,21.5961,-8.9598,-25.5335,3.038,-2.3019,-0.5237,-7.321,15.6127,15279.8593,7588,LEGIT,09:16:22
126112.5746,-11.1393,-53.6673,-18.3564,-0.3116,-35.2822,43.7774,21.0364,-53.8107,-5.2244,11.6759,3.9114,3.5319,7.016,-15.9009,-0.0237,-13.9703,-3.0463,-8.1914,0.2933,-50.8701,-18.2068,0.6714,-5.5151,-1.3725,-2.1321,1.3826,-4.3841,17.9901,14462.1144,4568,LEGIT,09:16:23
96747.4686,-39.7678,-45.9341,-1.3565,7.8945,-77.7881,45.9025,82.2565,-20.8171,9.8928,11.2689,-2.7361,-13.2616,4.9306,-3.992,-4.0657,4.422,-19.1488,-2.1111,5.2936,-39.9081,13.6714,7.158,11.1327,1.8168,-6.3135,1.4584,19.7771,-10.7893,15913.1108,1631,LEGIT,09:16:24
81250.3731,-40.1842,-63.6938,-38.3429,-2.5009,-104.3012,35.9633,16.6724,-24.5047,13.0598,11.3997,5.1853,6.6586,2.1953,-6.1636,0.8763,5.6796,-20.8275,-0.4573,3.7984,-37.6722,-16.5116,-0.8523,-19.0403,1.8775,-2.3554,1.8011,-17.0732,3.895,9835.2133,4307,LEGIT,09:16:25
64465.6403,-44.5503,-10.1198,-29.6626,-2.8344,-88.2979,-5.9687,44.5212,-50.783,-9.57,-16.6743,-1.9443,-17.994,-1.235,-16.8587,7.4656,-6.5657,-20.9954,3.8947,-4.6553,-13.7939,-20.0653,-9.0438,12.8107,-1.2404,-3.5064,-0.998,18.1978,5.1711,6860.5186,8876,LEGIT,09:16:26
157880.0044,-34.814,11.4401,3.9289,4.2608,-69.3383,-21.4491,76.5037,-46.2059,0.9609,20.1029,-1.8636,-6.0944,-5.2816,-7.2449,-3.6292,-8.4301,-16.4155,-8.6189,-7.1812,-41.403,22.4907,-10.7323,-24.5027,-0.2432,2.4641,0.9711,-19.8218,18.9281,9170.4933,9951,LEGIT,09:16:27
128575.1817,-6.0171,-53.385,-45.6339,-4.2601,-40.4528,67.0965,-10.8146,17.1875,8.3033,6.6928,-0.6442,-14.1933,4.0237,5.1459,2.8822,6.7425,-16.892,0.6341,2.6887,26.0919,-21.8963,-9.7743,-25.0651,2.5076,-1.0013,1.8103,9.5474,14.85,9237.7698,6077,LEGIT,09:16:28
45023.2535,-14.4582,15.8279,-20.5382,-3.9854,-78.2491,30.6861,6.449,-5.5444,14.2721,-0.3673,11.9167,-2.0667,-4.3949,-13.7402,-2.9474,4.3022,-6.4011,-5.2172,-2.8628,31.5152,-32.0523,1.0145,7.0541,-2.7892,-2.2056,2.8882,-21.0131,-2.9263,16881.3494,1208,LEGIT,09:16:29
107787.2582,-45.4513,-51.599,2.1442,1.5805,-37.7059,48.0158,59.56,-29.7507,4.2921,-0.5639,-2.9604,-15.6311,6.4881,-1.7761,6.3303,13.4788,-14.7401,0.9477,-6.8325,18.2462,-7.3998,3.9236,3.7542,-0.5351,6.5197,1.6316,-9.0702,18.2878,1275.6307,3686,LEGIT,09:16:30
162958.0198,-37.6269,-6.2802,-21.5895,14.9205,28.2662,23.8964,-31.0399,-6.7506,-10.7727,6.9249,9.8295,-7.0859,1.7554,-16.6397,7.1628,1.6778,-2.9596,-2.7506,0.6993,-10.1381,22.1554,-2.1568,-30.6082,-2.738,-3.6048,0.6627,-21.1412,19.7705,5393.4989,3797,LEGIT,09:16:31
154544.344,-27.5172,-2.736,-11.9906,1.6265,-106.7624,4.2384,47.0736,-9.9512,8.4385,2.4374,0.5238,-5.5198,1.0276,-9.8234,-0.27,-6.0764,5.3658,-2.1678,2.3146,14.5509,-1.4422,-7.8481,-7.0599,2.147,5.8422,1.2227,26.9779,0.9276,20846.9359,9693,LEGIT,09:16:32
38980.6268,-32.5298,-62.5487,5.4444,15.3717,-41.861,-16.1608,-10.2502,-12.7216,9.7452,-16.2842,-3.7014,-0.0459,0.3639,-1.2576,-0.1972,12.6118,-7.7791,-4.9355,-2.0283,27.7852,-7.5285,2.3589,2.6098,2.3971,1.8159,-1.8076,12.3505,21.124,12809.9707,7321,LEGIT,09:16:33
33246.2582,-9.6853,0.0329,-12.5051,-3.0392,-65.9221,5.5714,-4.9673,-16.4438,0.0737,8.2868,-2.9463,-2.1179,3.2058,4.1396,3.4942,12.8106,-12.3004,3.2921,-1.0491,32.3174,-8.3785,-7.6024,-8.2714,0.8857,-9.5266,0.7702,12.1411,-7.0593,22958.0781,4620,LEGIT,09:16:34
160522.2315,0.1226,-70.0925,-47.4487,1.2203,27.2096,40.601,119.6527,-25.2098,-3.2487,18.9087,-0.1725,6.7358,3.9801,7.5442,-2.5526,-8.8411,-6.7141,-4.2271,-4.7787,15.5625,25.9481,8.1845,19.3934,1.9872,-6.8861,1.6043,17.227,14.8102,1739.251,8123,LEGIT,09:16:35
160914.9725,-49.4616,15.3046,-1.6844,11.0646,-46.7541,34.159,52.8528,-39.8167,-4.4137,-8.2092,-4.3974,0.1711,-4.9193,4.8657,1.1324,4.5299,-14.0868,0.0783,1.8221,-17.8601,17.6631,-5.692,-30.3022,-0.332,-6.984,0.9023,12.7784,-6.2845,2612.0936,3814,LEGIT,09:16:36
162602.2633,-25.8778,-43.5676,0.9331,13.2286,-53.7708,10.8357,86.7277,-64.784,-1.9926,19.0592,-4.7407,-11.0284,-0.0181,4.6337,8.1866,-9.4385,-3.5636,-0.1222,-2.6236,-19.876,-11.8442,-0.8378,15.6126,4.5034,1.2948,-1.4473,2.5084,32.9478,5137.4365,8568,LEGIT,09:16:37
129494.4909,-36.0673,13.653,-37.2786,9.3044,-57.5713,24.1803,103.5784,-47.7548,12.9609,21.3395,-2.4368,-8.1611,1.8786,-10.4725,-0.5202,-12.5228,3.2122,-8.3521,1.2056,-3.6021,18.5068,-0.4714,12.4842,-0.5629,-1.4238,-1.6971,0.9773,7.0614,13149.6642,5684,LEGIT,09:16:38
84306.967,-24.1531,-65.1534,-19.1443,10.794,15.8951,8.7661,35.8164,-66.0696,5.4157,-15.3196,10.3548,-13.6002,4.574,3.8162,-3.0007,-2.5807,-0.6773,-7.7487,0.2889,15.552,-4.5784,6.5694,-0.0624,1.8678,-1.639,3.1481,4.9193,-10.9575,22177.4385,6607,LEGIT,09:16:39
99003.7752,-11.1147,-6.3083,-0.4614,13.7297,-39.1823,43.2817,-0.3022,-41.5997,7.7708,-23.865,-3.5541,-3.815,3.6322,4.0006,8.6498,15.6096,-13.3552,-2.9456,2.8107,-26.1985,-29.9865,-2.2996,-4.5669,3.9173,0.2959,0.2378,26.1095,33.0251,10339.0263,6864,LEGIT,09:16:40
167035.1531,-11.0288,-23.9097,-20.0461,-1.2347,24.2591,17.5165,9.0692,-46.7658,-7.4612,-22.3835,4.4061,1.9245,-4.2795,1.1703,-1.5,15.9609,7.5656,-3.4011,-6.4868,22.3595,17.9626,-8.7933,-29.9096,-1.0086,-9.1802,1.6069,-11.5202,-1.9797,8228.5405,4303,LEGIT,09:16:41
129622.3819,-24.6664,13.3948,1.1058,-4.6533,-14.2542,38.8431,-25.5771,-49.2205,3.3486,-12.7555,-4.5926,-4.3412,-3.0857,4.693,-2.3984,2.7659,-0.5003,0.3691,-2.5118,3.4244,1.3014,7.406,6.0378,0.4656,-10.2325,-0.9952,8.8932,30.6386,23032.2957,4158,LEGIT,09:16:42
157071.0803,-9.4676,17.8648,-11.4967,-0.4597,-34.716,53.6339,80.1074,-11.2133,-7.9461,-10.601,11.5612,5.428,-5.2682,2.8468,6.3518,-13.5376,-20.9882,0.3233,-5.8103,38.3094,-18.4532,4.3488,5.5279,3.7219,5.337,-1.501,-12.4322,-14.5211,941.9173,7429,LEGIT,09:16:43
120417.9541,-12.1007,9.4258,-39.4149,16.4501,-96.5504,5.6025,10.6069,-36.5447,-10.8536,7.8101,0.6483,-8.3226,-3.1934,-7.8391,0.2662,8.0457,-16.9539,3.9006,0.8087,-17.4142,7.45,0.2876,7.2094,0.3954,0.1836,2.8667,20.8813,-15.152,5002.5628,6149,LEGIT,09:16:44
166230.39,-0.5441,19.3411,-0.1915,-3.486,-47.8894,49.9938,41.3939,-30.7906,-8.1262,1.1734,2.0788,1.3567,-4.7807,-10.326,-3.2479,-7.2368,-15.0291,-4.7019,0.8552,25.4567,-18.7826,7.1694,-7.9343,2.0679,-0.1009,0.5712,0.007,30.4229,4183.6723,3125,LEGIT,09:16:45
99088.7209,-35.1467,9.9135,-11.8517,8.8634,-10.3143,30.0018,95.0701,-9.3115,1.6316,-10.0588,4.7041,-13.9779,-4.8497,-8.738,-1.2718,12.8959,-11.195,-5.0,3.4346,-21.9826,-3.5086,-8.0226,17.1365,3.6488,-1.2497,-0.6719,5.692,-6.4001,1717.922,7986,LEGIT,09:16:46
128925.6472,-25.8568,-72.201,-4.3351,9.7382,-90.2239,-25.002,-21.8374,-69.2719,-7.6554,-9.0693,-0.0357,-5.9607,-1.8562,6.2097,3.0565,-0.9083,-16.2705,-5.6246,-5.824,-7.5646,19.8557,9.9462,-13.6924,3.0039,-9.1413,2.1084,15.9663,-12.0649,23890.3267,5520,LEGIT,09:16:47
171928.172,-43.8142,13.6701,-7.5627,16.3601,-6.8151,7.4849,43.1089,-71.6055,8.8612,-6.2651,9.2845,-1.8216,5.3725,-11.993,0.4351,-7.0154,-14.4102,-9.2284,-3.5398,6.4429,-12.199,3.8946,-43.9445,3.5442,3.8971,-0.1297,21.034,11.6039,16736.0415,1520,LEGIT,09:16:49
10512.2402,-20.7534,-32.2199,-27.8191,-0.1677,-61.1043,46.9541,3.7382,-12.9807,-2.8762,11.1002,0.5759,-12.9212,6.3001,-13.6645,-3.3586,9.6884,-14.027,-2.5206,1.9392,31.9773,17.3797,-8.055,-16.7797,3.4572,3.923,0.0164,26.1069,23.1056,2122.65,4941,LEGIT,09:16:49
81144.6938,-37.108,-16.6429,-0.3891,11.9526,26.0809,66.0344,98.0647,-63.0718,3.7885,21.2648,8.3604,-11.5353,6.297,-7.1607,-0.4771,-11.7447,-18.0601,-7.7956,-4.2771,27.0586,-25.9855,-3.9996,-16.8816,1.2208,7.3812,-1.9754,-5.5807,-12.1666,16252.4886,2314,LEGIT,09:16:50
3392.8451,-36.0621,2.7506,-23.3458,7.7658,-76.1983,64.2586,101.0143,-13.296,9.9185,0.9818,7.741,-2.0454,-5.6963,-6.7004,7.0372,-5.2862,-15.6259,-2.9439,-1.9873,-19.388,-2.486,7.1707,-20.667,0.5094,-4.0654,2.2363,-4.1779,-3.6197,7839.9659,3651,LEGIT,09:16:51
53678.5272,-2.7679,-42.7443,-17.8438,-1.239,-30.6698,49.4997,35.7174,-44.6772,-10.8721,-20.1033,-2.2424,5.0975,-1.506,2.5157,0.6498,4.4765,2.7203,-5.3187,-5.7879,-9.0878,-23.8405,-10.8086,20.8424,-1.7394,6.402,-0.1458,5.8513,14.989,8576.6295,2524,LEGIT,09:16:52
48938.6776,-11.0653,4.6854,4.5939,3.7076,19.7806,35.865,107.8641,-29.3705,-0.8329,-15.1648,4.6281,-4.3185,-5.0843,-8.4421,-2.528,-12.4736,1.5998,-5.8001,-4.1492,26.6935,24.3948,7.4335,-8.4564,-2.2373,-6.2336,1.4573,-22.1139,-10.0285,15410.3861,5872,LEGIT,09:16:53
88580.3939,-0.3557,-13.0128,-31.2924,3.5563,-33.3996,-13.747,49.4701,-55.4219,-11.1934,-19.9864,7.3298,-1.724,-5.7486,-16.9463,-1.4115,1.0169,3.5814,2.5895,-6.6829,33.0073,-13.1974,-1.8367,-13.4174,4.5128,-1.9233,-2.5412,1.9885,-11.8819,17901.3299,1033,LEGIT,09:16:54
23513.1622,-10.8688,-8.8519,-16.5431,-0.4348,-111.9007,21.3694,24.1918,-64.6569,-11.7024,-17.2235,4.9595,3.9865,-2.431,5.6425,3.5767,16.0067,-19.434,-7.6961,-3.3381,37.1804,22.7213,1.1518,22.3133,-0.6838,1.4017,0.9606,-4.4632,-6.91,3824.4288,1085,LEGIT,09:16:55
37446.6831,-38.1274,-29.5005,-42.4499,6.4745,-99.6804,54.5271,106.9646,-48.4386,12.1729,-0.6712,7.0986,3.054,-1.2736,0.8617,-1.5223,-5.4036,-7.0246,-1.242,-0.4622,6.2749,17.5919,1.747,1.982,4.4277,-5.2644,-1.5643,0.6575,-3.9898,107.0243,5707,LEGIT,09:16:56
41972.5679,0.5274,2.1602,-12.1352,10.5763,-31.4783,69.097,3.8489,-59.4537,3.6671,-20.0786,1.323,-15.3814,6.0921,-4.3114,-0.9157,-2.8067,-4.1686,-2.9606,-5.8009,-1.2488,18.234,-9.2622,-22.8918,4.3563,-3.5845,0.3728,31.5276,6.6886,11719.9547,7829,LEGIT,09:16:57
104061.9263,-28.7602,-15.7994,-1.8813,12.0595,-86.0788,-24.2265,-34.1851,-17.8461,-9.5683,6.0863,-4.6969,0.7295,-5.6021,3.5064,1.2599,10.392,2.6045,-7.8505,-3.7458,-48.4581,24.9172,2.2377,-36.4775,2.0772,-6.855,-0.6072,-13.0893,23.0656,1584.6108,3324,LEGIT,09:16:58
92613.3,-24.7989,-9.1945,-44.9865,0.59,-108.3608,-3.9766,-38.0028,-63.938,-4.0663,18.9971,1.3248,-7.8765,-3.4685,-9.4949,2.5649,14.3527,-22.9751,2.9073,-5.0775,14.5702,-11.6015,-5.9551,2.1135,3.7649,-1.5659,0.6523,-16.6982,21.2919,7654.4552,1836,LEGIT,09:16:59
135791.4187,-47.9421,15.9797,7.0517,-5.3769,-113.4478,70.5628,71.8756,-54.5031,-5.9513,14.2444,-3.168,6.8979,6.9905,-6.1477,-1.1462,-10.1974,-9.1027,4.5853,-3.7271,7.4257,26.3063,-8.2795,13.4345,-2.5613,-7.3585,1.6095,-9.3795,31.8727,9396.2531,9045,LEGIT,09:17:00
44195.1209,-41.5076,-12.9611,-16.837,7.5901,-84.0503,11.8871,-26.224,-32.4719,4.3266,3.9079,8.2239,2.4252,6.7817,5.6824,0.9838,0.7472,-14.1252,4.6406,-0.36,6.763,9.2789,8.9527,19.2284,-1.7358,3.5459,1.6569,-4.4109,11.5704,23685.9887,9185,LEGIT,09:17:01
67010.0497,-10.9749,-64.6769,3.5032,6.501,-21.0308,65.0885,38.9136,-44.9949,-8.1725,-8.726,0.1275,-9.4385,4.0809,-6.7765,-0.5847,-12.069,8.8378,-8.0041,3.4177,-21.7686,-11.6858,-5.2762,-6.1483,-0.065,-2.8353,2.315,-20.6679,6.1744,13668.3466,2948,LEGIT,09:17:02
111808.391,-18.5127,8.7712,-33.446,14.9623,-57.5971,42.8764,80.5361,4.4287,-13.2471,-21.2462,-0.8879,3.773,-3.1401,-17.5903,1.708,3.2724,6.5169,-9.4641,4.0893,-7.3886,-17.1994,-5.6317,-23.6651,-2.6381,-9.6876,2.8283,-11.7588,8.4128,2365.5336,1191,LEGIT,09:17:03
55618.5838,-5.9435,0.0014,3.5764,7.1067,-28.9643,67.4417,24.6982,-32.5458,10.917,-11.551,9.8889,-14.5045,2.8723,1.8437,6.2382,5.0204,3.9178,4.7609,-0.6609,-51.998,20.9801,3.2256,-23.5326,0.4838,6.7972,1.6675,19.7291,21.8241,976.9162,7184,LEGIT,09:17:04
144896.0061,1.2221,-38.3624,-33.5743,-1.136,-10.0484,58.4772,21.4606,-3.1464,-1.1584,-4.533,8.184,-0.9793,-1.8914,6.1426,-0.7331,12.8013,-12.2877,-2.1391,-0.5397,-48.0279,-11.1424,4.9662,-16.2234,-0.3622,3.3129,0.907,0.4643,24.5451,4832.2823,2890,LEGIT,09:17:05
146412.8444,-44.2637,20.1578,-34.7152,3.6471,-40.3531,-3.303,-1.9963,-57.7592,12.1165,5.1835,-2.1332,-10.3829,6.3459,-17.331,1.4983,9.1958,-12.2245,-2.0724,-5.5973,37.4043,-31.1237,-4.242,-32.1605,0.5651,-5.6828,1.3752,0.9749,14.9936,18870.0873,1974,LEGIT,09:17:06
119335.1033,-20.3771,-65.8738,-36.7362,-2.8408,-52.2931,26.0377,-2.8378,-64.2404,-3.9168,23.3237,9.7743,5.383,0.7713,-3.0519,-1.2763,9.8444,7.5125,0.5987,4.1609,-32.3175,12.6345,4.5319,9.838,-1.2762,6.6553,-0.0026,9.6365,-0.4621,5505.4719,6698,LEGIT,09:17:07
99221.1887,-4.0647,5.8866,-3.1563,1.3023,-31.6558,66.1689,71.3414,-14.3705,8.6639,-13.4501,8.7767,-11.9288,1.2858,-18.3381,-3.5308,7.9448,4.9371,-0.9801,3.384,-53.9872,15.1805,4.9906,1.5668,1.7883,-4.1909,-0.8249,-6.2831,28.6834,488.5754,9625,LEGIT,09:17:08
79927.6889,-23.9355,-56.7082,-34.7915,-5.4284,12.6204,11.0181,102.489,-7.0474,-4.3476,-22.7005,10.555,-15.6921,1.5137,10.2884,0.777,16.5539,-11.3681,-3.6157,-5.1239,-9.2826,-17.0654,8.4507,5.539,-0.2512,-1.4173,-1.4479,23.9221,-10.2348,23463.2441,9684,LEGIT,09:17:09
69057.9239,-36.0478,-23.3952,2.8343,-5.5239,-48.9262,29.8615,-12.3272,-26.2691,-5.4811,-16.78,4.0602,-3.0958,-5.3514,9.2681,-0.9802,5.0865,-19.3297,3.4251,1.4237,-49.9609,-24.5227,0.4442,-31.2335,1.5312,-3.9376,0.1206,12.6787,2.4029,17022.3915,3185,LEGIT,09:17:10
145233.8851,-6.4744,-10.1854,-9.1388,6.9704,-102.2086,-11.7353,-20.738,-26.0572,0.8932,11.4075,-4.662,-6.415,3.7936,-15.4603,2.9206,10.3189,1.3547,-6.4667,-5.1361,25.2482,14.6873,8.0419,-30.4334,2.6443,-3.8216,-1.1782,-15.8097,11.2184,25196.5883,2578,LEGIT,09:17:11
31624.9541,-14.1681,-69.6193,-20.3939,1.8312,-22.1694,56.9513,10.4605,-31.1868,11.1344,1.5931,6.3144,5.6037,-0.1937,-3.0634,5.9682,-8.1932,-21.0591,-3.7194,5.3145,-2.4775,5.342,7.5975,-33.4834,-1.994,5.8807,2.2445,31.4043,-8.4456,1485.9033,4549,LEGIT,09:17:12
58956.2404,-2.1855,-51.704,-3.4441,0.0338,-108.2912,1.3195,7.664,14.8971,13.1508,-18.4001,8.1648,-10.1962,2.5805,6.4848,-3.954,0.3742,-1.0075,-5.0838,4.5706,30.1935,-30.3937,-6.3924,-18.306,-0.8487,6.6374,2.6795,5.1304,18.8053,13986.1967,4598,LEGIT,09:17:13
143194.4774,-12.8504,-58.1604,-26.627,5.9013,-67.7099,49.8921,-1.3929,-0.9257,2.7948,8.0038,6.5796,-6.6801,-5.6065,8.422,3.1003,3.197,-10.1769,-3.7283,-6.6451,5.6341,-26.4019,-3.9838,16.1982,-0.263,-1.7306,1.3373,-5.4699,19.0853,5689.2715,9599,LEGIT,09:17:14
6930.8722,-3.0257,20.6168,-2.125,1.6106,-0.9327,34.5389,25.8315,-39.3354,-12.013,0.9181,-2.7688,-10.6583,0.3268,8.0101,-1.0316,-4.6614,6.7881,-1.0729,-0.0014,-8.452,-3.7685,6.832,-40.338,1.1405,2.6108,0.1844,8.1696,22.8691,6339.279,3073,LEGIT,09:17:15
14046.1044,-6.0154,16.3618,3.4379,10.5236,-79.7339,64.5639,-9.2512,17.4604,6.6946,6.8797,-3.0531,-18.235,2.0383,-11.0239,8.0054,3.4765,-22.9617,-6.8898,3.8348,-45.801,11.4337,-9.1177,-36.6176,-1.9545,2.3477,1.0783,22.8768,9.088,18719.836,6992,LEGIT,09:17:17
145707.81,-53.2856,-37.7405,4.0841,12.5141,-84.6574,55.8251,110.4317,3.1107,-11.5991,5.2283,1.2376,4.2982,2.8357,-5.1606,-0.0488,7.6966,8.6517,-6.9723,3.1661,5.1831,-21.6253,-3.5159,-39.3521,-1.2389,-5.6059,-0.812,-1.9225,26.1578,12502.9354,5807,LEGIT,09:17:18
159087.6676,-48.0174,-69.1166,-4.6266,0.1172,-24.5248,40.411,49.0418,-53.6507,2.3308,10.4123,4.7913,-13.8646,1.6047,-5.4275,5.1697,-13.1313,-24.6954,-3.3881,-4.6378,21.9627,-11.205,-5.7568,16.915,-0.4879,-9.4134,-1.1908,7.4681,27.782,1012.6813,6249,LEGIT,09:17:19
111518.0865,-48.7352,-14.0664,-16.9235,-5.5143,23.2507,41.8397,-7.1963,18.2845,11.8805,-19.412,1.3903,-3.311,-2.9978,4.4608,8.4046,-8.6285,-9.6477,-4.2041,5.3776,-24.1538,18.326,2.7668,21.3567,2.6636,7.3854,-0.6038,-19.314,5.1722,19115.3862,5585,LEGIT,09:17:20
90698.589,-29.2563,4.9481,-28.2989,6.2355,-93.8068,14.0088,-11.2282,-36.9132,5.1032,2.8421,6.4073,-9.7377,4.2122,-13.0774,-1.0079,-1.2075,-18.0411,2.4182,3.532,-44.3122,-15.8766,-4.3098,-22.3223,-2.7747,1.4173,-0.5276,16.1639,5.2007,25388.8727,8306,LEGIT,09:17:21
15669.7773,-38.3863,19.2149,-16.1143,4.8792,-35.4513,2.3801,50.5628,-31.612,14.0799,13.6071,8.21,-2.1422,-2.8886,9.1912,5.0224,-5.0687,8.625,-8.2647,1.7579,-15.6588,5.0656,-9.3361,-42.585,-2.823,-7.5262,-1.3982,11.5227,13.9371,22999.8432,4747,LEGIT,09:17:22
33769.6471,-36.6777,-44.8456,-22.6852,1.9269,16.2663,-23.6403,3.9333,-7.8999,-2.2746,12.7591,2.4155,7.4985,2.6683,-3.7859,-0.5306,-6.7501,-3.5645,-5.0669,3.7572,-43.3273,16.5921,6.2354,-37.8736,4.2132,-3.0407,3.0783,7.6189,30.6964,8888.3134,2683,LEGIT,09:17:23
112505.5856,-5.0933,-48.8418,4.3219,15.484,-35.7972,36.16,101.218,-11.675,5.0609,-5.8287,10.7221,5.4046,2.5284,1.1879,-0.8217,-8.3906,-6.9477,-8.7168,0.8117,35.0398,-12.4926,-3.2772,10.7146,-0.414,-9.7346,2.0779,20.3464,5.2213,12188.3843,5172,LEGIT,09:17:24
11318.6362,-3.8438,8.1451,7.6591,16.1202,30.5757,7.7756,41.6446,-56.4723,-0.7071,16.4139,-4.0286,-10.4622,1.4654,-14.1796,0.5686,-0.1656,-23.6226,-5.9398,-1.5185,-41.2493,-20.8602,4.6919,18.4883,1.9621,1.6354,-0.1647,24.6162,-14.752,11573.3707,8042,LEGIT,09:17:25
1054.1294,-46.3311,-48.2278,-0.352,-1.3944,-105.2004,31.5986,29.1693,-63.3539,-12.2772,-3.3043,9.5375,-2.134,-5.4627,8.8344,2.0815,-11.3392,-23.5672,-8.1831,3.2919,-49.3087,-11.5333,8.6577,21.9006,1.7914,-7.2227,-0.5575,-21.199,17.4939,10905.1955,7577,LEGIT,09:17:26
42443.2807,0.6763,-69.5794,-5.7601,15.0356,-95.8715,-12.6464,-39.4918,-24.1298,-10.8461,14.8574,6.2446,-10.6176,5.1797,1.0383,1.8843,8.8688,-16.9836,-0.5862,3.2612,25.3452,-0.3137,-2.2039,-4.1608,1.1168,-8.2614,-2.4809,21.2474,-4.8976,23159.9724,2083,LEGIT,09:17:27
15588.9969,-50.19,-5.0677,-3.6523,-5.3884,-21.2899,-20.5933,82.053,-7.3,8.2359,-4.7667,8.6552,-4.5096,-5.1207,-7.9105,6.5196,-0.9979,4.7749,-6.2024,0.2463,32.8376,5.6233,2.1908,4.9118,1.5125,-1.913,2.2941,-7.8612,17.2374,9673.361,1752,LEGIT,09:17:28
16941.8968,-29.9301,-23.5479,-20.3213,0.8412,-12.9615,68.9802,4.5892,-57.1652,12.095,-11.886,0.3178,-1.0483,-0.6336,4.5589,0.6164,6.3311,-0.0685,-7.0485,3.9846,14.8032,-7.4688,2.5326,-18.9967,-2.7913,-8.4611,-2.3679,2.4784,18.1898,4984.2929,4596,LEGIT,09:17:29
155923.3824,-29.9242,-65.9469,-1.0383,-2.1025,-33.3522,66.6849,90.7504,-36.6872,11.989,21.6598,4.2728,7.5796,3.115,7.0857,6.048,-5.7406,-9.9764,-4.2338,-2.9195,-42.4747,-8.2866,-2.3591,-16.0821,4.0665,-4.433,-0.946,28.8501,0.913,11953.4777,6882,LEGIT,09:17:30
100909.4005,-42.2889,-45.6384,-33.8029,16.682,-37.3042,64.4394,95.6828,-34.5344,5.2009,-22.3683,4.3052,-2.3157,3.3988,10.1695,-0.315,8.9392,-14.9143,3.046,-1.354,-17.803,-2.856,-6.1202,-36.8468,1.764,-1.2212,2.8899,-8.2519,17.997,1628.3838,6965,LEGIT,09:17:31
23163.7761,-49.0364,-50.9656,-3.2827,5.3485,-45.9075,35.1721,-41.3714,-62.5756,-4.0428,-14.1637,5.9062,-13.2954,-5.2386,-10.2485,3.1774,-8.1893,-7.1503,4.6784,2.5085,27.8722,-10.5674,-5.6411,5.0771,2.4869,-8.742,0.308,30.3218,6.7151,22124.2085,3274,LEGIT,09:17:32
80103.6678,1.0613,-59.4539,-15.4454,-4.4671,-27.9771,9.089,91.3088,-34.3797,-4.6159,8.0845,10.5056,-15.5708,5.2905,1.1861,4.6234,2.5437,-4.1097,-2.7235,4.6892,3.3261,-33.3841,8.7523,-40.7593,-2.4529,-0.5469,-1.3862,-7.6215,8.2838,22963.6149,8412,LEGIT,09:17:33
48131.7244,-15.7705,-58.6729,-4.6099,12.2915,21.577,11.3702,24.4267,16.3537,12.2707,13.9752,7.3884,4.2421,-5.2193,-9.2167,-1.3429,14.8971,0.2969,-3.2713,-6.7216,0.4945,21.8914,6.2851,-43.0816,0.6613,7.3659,0.2798,22.4572,2.3022,2303.7309,5671,LEGIT,09:17:34
6856.2439,-28.2965,-66.4308,6.5905,8.4882,-98.1577,-23.7972,36.9972,-47.9837,12.4725,-8.5349,7.6848,0.6071,-4.0239,9.9089,4.4782,-10.0803,-0.8075,-7.7414,1.1461,-27.4178,1.2012,-0.6143,-5.2138,0.8567,-6.6502,0.5142,13.297,6.9805,7138.5851,5832,LEGIT,09:17:35
102410.5793,-48.7492,-51.9104,-37.7356,15.5342,-105.0148,-10.9955,100.2793,-3.4807,4.7688,-5.0891,11.7831,-6.2452,1.7128,2.1808,7.4991,-5.0303,2.6765,-0.4607,5.3938,18.4766,-33.7086,7.2331,-26.13,-1.6454,-8.0363,3.3339,26.2433,-10.0369,14351.1142,1678,LEGIT,09:17:36
63953.8452,-4.8664,-47.1225,-12.7452,0.0392,-102.4419,34.9697,114.0422,-26.3654,6.7474,-3.2171,0.6593,2.899,3.8852,-9.8075,-0.851,14.3762,6.9076,1.7656,0.3602,-49.653,-24.9555,9.4434,18.441,0.2865,-4.249,3.2598,-20.5332,8.7044,5641.8763,9564,LEGIT,09:17:37
140376.5277,-53.2619,-34.4773,-43.8842,6.5693,-75.7458,10.5425,110.2792,-61.4867,-5.6895,-0.2663,8.8019,-16.9509,3.4055,-5.0184,-1.6312,0.069,-2.9267,-7.9113,0.2441,-45.0158,0.7959,-1.1941,-1.2212,3.7507,6.9858,-1.6342,4.9696,29.2457,3090.9292,2945,LEGIT,09:17:38
118414.7146,-50.2974,-24.8589,-0.6505,1.1021,1.0926,49.9812,93.2493,0.5883,-0.0239,11.7818,-4.6555,-1.679,6.3801,0.0247,2.826,17.1161,2.8802,-0.2599,-3.3213,-21.4282,16.1596,2.3203,1.314,-1.0566,4.8684,2.4554,20.0935,3.8901,15231.8031,3276,LEGIT,09:17:39
6094.1143,-29.9734,16.7035,-35.13,-3.1069,5.9177,1.8,22.9791,-54.5789,9.0893,8.4965,8.0314,6.689,-1.6972,-9.5317,0.4007,-4.4941,-14.0871,-6.2759,-3.3116,-17.0679,0.5982,-10.593,-32.3876,-2.8035,-10.1738,-0.8467,30.2123,14.5388,8521.3869,8290,LEGIT,09:17:40
136458.5796,-3.3467,12.8425,5.4799,-4.7618,24.0252,66.6847,-12.0389,10.8809,3.8731,12.6849,0.2853,-18.1324,2.3986,5.2783,0.333,9.871,5.5769,-2.0978,-3.8765,15.3307,-9.7336,-2.3757,-4.7104,-0.8588,5.065,0.0421,0.8334,25.3339,19315.9811,5201,LEGIT,09:17:41
169822.0309,-4.3412,3.3623,-25.3636,3.7119,-47.6356,71.4333,30.5667,5.9248,-6.155,15.8164,9.5626,-2.5067,6.0569,1.4564,7.0575,4.203,8.4568,-6.8994,0.4101,23.9038,4.9888,-2.7285,14.3696,-0.7517,-7.7239,-2.2811,23.4081,11.1124,24759.069,6425,LEGIT,09:17:42
159613.3751,-12.4939,11.7629,1.5485,1.4496,-27.8624,20.117,18.4809,-36.9618,-0.1707,9.4537,8.467,-14.8436,-4.2652,-13.1084,2.0231,-4.7504,-22.7599,3.8855,0.9423,28.9396,-28.7345,1.2043,-26.8094,3.2387,-9.2618,2.986,-13.4386,12.7583,3382.352,8204,LEGIT,09:17:43
147434.5652,-25.7554,-50.9772,-38.387,16.1101,14.2002,-8.2532,27.2215,-48.9014,2.0802,8.2862,4.5504,-15.1704,4.5538,8.8326,2.1093,8.7978,-12.9652,-3.1435,-3.9853,37.3858,13.0923,4.6679,-16.0217,3.6379,-8.1987,0.2613,27.1041,3.189,19080.4941,4230,LEGIT,09:17:44
149349.1157,-46.1001,-18.4157,-0.6085,7.9691,-18.5196,29.747,12.911,-65.1049,-4.7305,12.5872,9.8179,-5.4768,-5.0549,9.2848,1.5123,-13.9096,-20.4208,-4.9558,-1.9791,-29.2384,23.6953,7.781,8.9257,1.3952,-1.2496,-2.2523,-8.7544,16.0653,23404.7134,3055,LEGIT,09:17:45
72279.0827,-22.6031,-40.4214,0.7493,1.9266,-24.0961,36.0792,110.8254,-25.4675,-2.6426,-3.9824,3.5732,-16.8206,5.9658,-0.1066,5.8503,10.0834,-6.4452,4.7935,-4.9336,-5.2844,-16.8595,-4.2535,-34.8848,-1.5233,3.7382,1.8698,22.2113,-2.1171,18379.3573,6041,LEGIT,09:17:46
69984.8498,-6.867,-9.2364,-10.1301,-4.455,-19.1434,15.6792,6.855,-62.8133,-5.9334,17.919,11.5107,-6.2265,-4.4389,-3.9047,5.8821,8.3876,-2.9863,2.0317,5.5111,-43.6703,-28.3331,-6.9196,-42.7592,2.4208,-5.2776,-1.1549,10.351,13.2593,840.597,6279,LEGIT,09:17:47
93572.2063,-23.7723,10.6586,-18.398,7.7933,-71.8934,18.2764,1.5877,-69.4404,-5.0501,-2.0459,4.8345,-3.6933,-2.0155,-3.4222,1.1297,-8.362,-19.5315,-1.9577,-2.7155,-3.6452,17.9138,10.0481,3.3195,2.0737,5.6657,2.5243,1.6728,-6.7331,13421.1107,5790,LEGIT,09:17:48
163490.3216,-54.5864,21.0446,4.3112,11.2841,-22.6776,-10.9187,104.258,-1.8966,-5.2142,-8.4144,-4.5538,-0.2018,3.5285,3.8954,5.7791,-8.6613,9.0301,-2.7474,2.5212,29.8413,23.7798,0.1196,-20.5064,-1.1227,-3.4179,0.7203,31.4169,18.6454,22817.7999,7334,LEGIT,09:17:49
130161.7449,-35.0882,-61.6515,-39.8823,13.4841,3.2172,-18.4928,-4.0436,14.2646,-8.4863,-0.66,11.5309,-1.9668,3.2296,-14.8573,-2.6863,-0.0399,-25.001,-3.3558,1.6241,0.7391,-16.8419,0.4915,-28.0999,-1.5019,-7.7167,-0.5417,25.8813,-14.1094,25452.415,2482,LEGIT,09:17:50
170407.15,-35.7866,-33.8465,4.6342,13.2485,-4.3411,44.721,-42.2321,-40.9569,-0.979,-10.5945,3.5733,-18.5283,2.1465,-13.4152,5.1233,7.5885,-5.7916,-6.5973,-3.7672,-45.6919,1.3493,1.5204,-20.3812,4.2203,0.0695,1.2361,-6.7091,15.8705,855.0087,6916,LEGIT,09:17:51
53766.067,-12.3377,-10.8871,-19.7577,1.7772,8.7223,10.7404,-17.1311,-58.8315,0.3735,-18.1156,-0.5645,6.7706,-0.5304,-16.962,-0.376,16.0075,-14.889,-2.1583,3.7739,23.3819,14.4479,-7.3241,11.1314,0.7041,0.6146,0.6724,1.4014,25.0817,4554.1306,2571,LEGIT,09:17:52
59595.5267,-32.4117,-56.933,-7.6018,-3.6029,-50.4332,-20.4682,32.0975,-49.3817,-7.2756,12.0035,6.2702,-4.693,4.3301,-9.9443,-1.4699,-7.2466,-16.7422,-8.5769,4.48,8.1062,0.708,-4.0384,0.7935,3.122,-5.5955,0.5305,7.7429,33.0832,6863.6533,6447,LEGIT,09:17:53
144683.1667,-46.4044,-11.4069,-11.2952,2.4598,-100.0982,33.7694,-25.5683,-67.9004,5.5044,-24.5681,3.7111,-7.6691,-0.2379,-1.4566,2.6384,1.0791,-23.1996,-9.4041,2.2628,27.2883,-7.964,2.221,12.2241,-0.6843,3.7435,1.7135,-14.1389,7.0659,17963.3596,3102,LEGIT,09:17:54
15070.709,-29.0916,-42.7783,-31.7645,14.3123,-16.9378,-1.8189,4.5722,-43.096,-5.1274,-18.6237,6.1507,-11.5034,5.3409,6.4701,0.428,0.1671,-20.9394,2.4349,3.4138,11.4413,-9.9316,-1.7846,-31.2303,-0.0156,4.6724,-1.019,-17.7213,25.25,9756.9225,5954,LEGIT,09:17:55
47850.1397,-42.3649,-57.3419,-35.3912,0.5523,11.4588,45.9426,29.3437,-15.0591,-3.2691,20.6671,-3.9111,-17.84,5.397,-14.0832,6.4737,8.2443,-9.6592,-0.6353,0.3349,5.115,18.3463,0.2044,-7.2888,1.1392,-2.7869,-0.5459,20.2197,31.6196,12028.8323,1492,LEGIT,09:17:56
148983.0538,-53.6113,-57.9834,-24.5325,6.8763,34.2757,-5.8133,83.4484,-26.8342,11.3731,-2.9232,11.3086,-18.3572,-1.9842,0.6442,2.8735,2.6106,-6.4805,-2.0492,5.0145,24.2152,19.8524,-7.2586,-8.8166,0.3225,-8.5246,-0.5029,8.7631,-13.6186,21946.0159,8618,LEGIT,09:17:57
73690.8265,-17.1964,-23.9749,-29.7648,10.6007,6.4642,17.858,97.6075,-12.4703,1.9056,23.665,9.4137,-16.0305,5.5129,-1.4706,4.7846,8.6802,5.4158,0.8116,2.9958,13.9033,-33.888,1.6708,-16.5292,2.8772,6.346,-0.0638,1.6383,16.035,12016.3731,6278,LEGIT,09:17:58
159363.1823,-40.061,-65.249,-37.8209,7.1081,-95.6235,-25.5489,82.3451,-57.6265,-7.6691,-11.6852,-0.0926,-13.2078,1.7566,-2.1544,-0.8012,-1.7095,-21.4199,-7.89,-0.2955,28.6964,-12.4812,-5.2486,-37.4027,3.1622,-0.7399,2.7722,-1.9135,0.349,17904.1789,3636,LEGIT,09:17:59
18346.0553,-25.1853,-19.6101,1.1995,11.8978,31.859,-0.0697,79.6139,-27.5612,-3.2081,-8.184,9.4256,6.8241,6.9146,2.3074,-3.7156,-3.467,-21.6693,-8.1637,-3.7904,-48.7139,-11.2451,-9.5154,20.4828,3.519,-1.8651,3.2325,14.0633,1.6179,22539.7526,2030,LEGIT,09:18:00
167419.6366,-34.1033,-54.3994,-46.7149,2.7714,-33.5017,38.1945,-18.1547,-8.8998,13.8297,-20.1298,-2.768,-1.5369,4.8484,-3.4432,0.7536,-0.1593,6.9671,0.8975,-0.9214,18.268,-26.25,-9.377,-18.0054,0.3148,2.289,1.0827,-8.322,6.078,2642.3558,8289,LEGIT,09:18:01
65185.2205,-5.2122,15.3625,-48.1044,-4.6329,-92.1241,36.324,12.6723,1.3893,-6.7217,18.0757,3.9305,6.8217,6.9674,4.6945,8.0901,8.4957,-21.0287,-5.6071,1.371,0.852,-25.9816,6.0663,12.5285,-2.1576,1.6694,0.457,27.9162,25.3774,11744.4044,2547,LEGIT,09:18:02
57657.6728,-25.085,-67.4743,6.3039,13.1689,-55.2006,10.2922,32.9252,5.8203,8.3796,9.1041,4.9021,-12.1343,6.4836,-10.4631,-2.1361,3.6338,-7.1457,2.4443,-3.6428,-30.1391,-7.0365,-1.3204,3.5617,-0.8585,6.7287,1.9165,19.1501,28.4988,20630.8276,4781,LEGIT,09:18:03
41106.748,-51.5969,-67.2805,-7.187,3.9001,-69.3673,21.7353,63.0966,-14.0776,-8.7718,17.9233,-2.2675,-7.7524,-1.9562,-3.9827,4.2954,2.3168,-8.2954,0.0667,-1.5905,-42.9618,-4.5133,3.2362,-34.3645,0.5178,6.1595,0.8787,9.4143,19.6863,2602.9155,4281,LEGIT,09:18:04
125396.3183,-1.4471,20.8243,-36.3613,6.1922,-102.1517,26.8382,97.6297,-39.0399,-9.6408,-16.9005,-4.4115,-2.6617,-4.2292,-11.5581,6.2095,1.3176,-4.6244,-7.0153,-1.8845,-17.1237,-9.4576,-4.3166,-17.2383,-1.2496,-3.3721,1.1907,-12.7058,25.9648,16207.3198,6375,LEGIT,09:18:05
61182.237,-21.0115,-11.2637,-17.9889,7.0375,-112.4257,21.0757,46.9502,-34.5455,7.1137,-5.4851,6.9649,-4.9828,-5.3991,5.6864,6.2791,10.9363,1.1145,-2.7943,-1.2129,4.9606,3.7234,6.1682,12.8961,4.4522,2.0111,-2.1132,1.0976,25.6728,11942.3658,9443,LEGIT,09:18:06
148520.8743,-25.867,-50.7333,-25.6972,-1.3108,-89.321,29.6986,65.6343,-19.9694,-4.9215,-15.3949,9.7972,-4.946,-5.212,-18.131,2.5788,-0.5688,-8.5106,-1.4914,0.6035,-24.8446,9.5431,10.0318,-4.5639,3.2366,1.7986,0.5877,25.232,22.3116,18940.77,4260,LEGIT,09:18:07
110985.6607,1.8695,2.4562,-21.6281,4.4959,17.9051,42.61,84.858,1.2973,2.7103,-21.2313,10.5497,2.4484,4.8443,-17.0,6.5049,-3.3246,4.8613,-1.7368,-1.3013,-36.2167,-5.1416,5.0511,7.6698,3.2513,5.014,-1.037,21.235,-7.3274,12515.984,7116,LEGIT,09:18:08
130815.9126,-13.355,-42.8583,-27.4201,-4.3917,-94.4127,2.4914,89.4656,-6.9358,11.3652,-21.586,-3.1639,-3.8733,4.5576,-18.1311,6.8045,5.7187,-1.1075,3.5229,1.2913,-30.8207,-20.283,8.1433,6.8162,3.7825,-5.2124,2.2404,16.0852,25.9602,23140.3702,5319,LEGIT,09:18:09
71738.5844,-17.0326,-28.0523,-2.7783,7.4966,-106.439,17.7243,34.8368,18.1687,3.4263,-5.5193,11.2445,-16.3526,0.7648,-11.1075,3.3613,0.7909,-6.8606,-8.6828,2.6315,18.8278,-22.4377,2.6736,16.7906,-1.7321,-6.4091,1.6546,-5.2013,33.18,3982.7133,2229,LEGIT,09:18:10
115209.2022,-7.412,18.9495,-21.3237,6.9108,-0.4896,51.3572,0.4555,-50.754,3.914,-21.6803,7.6383,-10.1743,-3.3003,-10.3604,4.1779,0.9164,-4.0642,-2.5631,-1.7004,-48.9928,22.2329,7.568,-37.8987,3.5074,2.5231,3.4048,19.6764,-13.8385,12140.9614,2067,LEGIT,09:18:11
21996.2053,-16.4891,-52.7612,-6.6494,-3.7739,-50.5829,41.1528,75.4397,-69.4586,7.8413,18.8744,0.6057,4.8181,-1.6539,-2.3553,-1.2984,9.9591,7.5359,3.4695,1.5259,-24.4386,5.2329,-4.6723,-1.0232,0.4797,6.4745,-0.9196,16.3649,7.2916,24446.9426,9949,LEGIT,09:18:12
20720.9137,-18.4594,-63.9088,-39.4723,13.0402,-27.361,64.7225,108.572,-19.1894,8.9426,-17.1451,0.9837,-17.7037,-4.9087,-17.0775,3.204,-5.1213,8.279,-7.7986,3.3953,-15.4729,-9.2849,2.951,-4.6378,4.494,4.4574,-2.1529,-21.3617,14.9399,24863.9049,1197,LEGIT,09:18:13
104579.2436,-10.3896,-3.1365,-2.4063,16.316,-56.4458,45.1536,-34.1001,-28.4141,4.5225,9.2075,11.6841,-4.8764,0.9958,-5.3916,3.1133,17.2934,-20.2542,-6.0223,-4.6361,4.6314,-30.6534,-8.3635,11.3546,-0.8198,-6.3481,-1.7449,2.8219,-14.646,23700.2287,9128,LEGIT,09:18:14
14726.9303,0.4339,-51.8141,3.5759,-3.3141,-66.7621,-12.6489,116.2121,-54.2041,-6.0275,6.483,10.0178,-17.4641,5.7491,7.6302,-3.9631,7.7392,0.4227,2.5048,-2.5728,10.9672,12.9462,2.222,-17.7437,0.7489,-7.6266,-1.29,-7.1083,27.0185,15824.9393,6013,LEGIT,09:18:15
102650.9107,0.7944,5.9082,-28.9336,3.5891,11.3274,35.2953,95.8779,-66.5661,10.6101,5.6684,7.5849,5.2384,5.8487,5.5396,-2.0648,1.1372,-22.1032,-8.3852,1.5,17.7265,17.1746,10.0466,15.0646,3.9852,-0.9437,2.2915,11.515,26.8141,3761.2617,5637,LEGIT,09:18:16
3149.5856,-35.972,-63.1361,-38.8887,15.7617,-111.4764,68.9533,71.2986,14.9408,4.4149,-4.6018,9.3004,-1.4636,-1.1927,-4.881,2.3438,-5.0781,9.1436,3.2728,4.1222,13.167,-29.5565,3.9549,11.4954,1.4157,1.5444,-0.39,-15.0513,-5.8155,20246.0486,4694,LEGIT,09:18:17
151191.4659,-33.0695,-34.6391,-44.751,2.9565,-108.07,3.217,116.491,-58.9948,-4.5552,10.5579,8.2319,-7.5723,2.8318,2.1964,-2.3288,8.5016,-18.496,-4.0831,-6.0329,-4.0216,-6.8041,6.1783,-34.9319,-1.3505,-3.6214,0.5286,1.1192,3.6204,7546.2492,2462,LEGIT,09:18:18
35217.8801,-53.1098,11.1551,-48.1647,-0.9672,34.017,19.9552,8.9461,-44.0593,8.3171,-20.7593,6.3893,7.1498,2.1356,-5.5818,0.9315,4.7098,8.7834,-5.7303,4.5389,-16.0961,-13.7462,-3.1824,-21.4586,-2.0949,-4.3677,1.9426,9.7566,-4.617,14492.9066,9070,LEGIT,09:18:19
130203.6459,-53.8736,-14.3743,-23.994,-1.0996,16.5735,69.3544,68.1094,-62.1856,1.6232,15.6046,4.5117,-9.4338,-2.8898,10.3883,-2.8806,-8.514,3.3846,1.3619,-7.0831,24.0325,-19.2977,3.7701,8.7368,0.7291,-5.599,3.4845,-2.971,28.17,15816.8346,6350,LEGIT,09:18:20
45040.8225,-50.7078,-8.5751,-8.6512,8.1528,-92.7753,24.0436,108.0092,-56.1381,-11.356,4.6638,-2.8383,-16.2675,5.2393,-1.3372,4.8874,13.2503,6.7147,-6.9677,1.1682,14.6451,-25.1563,8.568,-41.985,3.4789,-3.8743,3.2383,7.5709,-2.6868,11660.5764,7933,LEGIT,09:18:21
115463.9356,-23.2384,-2.8241,-5.6668,-5.6243,-34.8228,-22.8875,16.2508,2.0346,6.8841,1.4274,10.1567,3.3344,-0.5551,2.354,8.576,7.4349,-22.658,-4.747,4.9859,-30.023,-4.2269,-0.2683,18.2095,3.8315,-5.849,-1.6316,14.8867,32.6317,23307.4052,3610,LEGIT,09:18:22
26611.2185,-52.8985,-31.8716,-39.2172,12.7579,-107.2685,1.06,30.914,4.7739,-9.6921,-11.683,-3.5015,-2.412,0.3831,-10.2799,-0.3983,-3.4235,-18.3423,2.3538,-0.4607,-10.63,-21.6773,-0.7643,-43.8226,3.1622,6.8193,-0.4018,12.8341,11.576,8110.5606,3960,LEGIT,09:18:23
91984.9328,-8.8168,-29.9283,0.5337,2.2161,-19.8405,42.3393,-6.6908,-37.801,9.311,-22.6741,4.2112,-6.2895,-4.7227,-16.0287,3.3618,3.7776,-18.6043,-9.2682,-0.1285,-31.9625,-25.5732,9.0982,21.2029,3.7125,-4.0,-0.1528,15.3546,12.4675,21604.2934,6067,LEGIT,09:18:24
151340.7999,-31.9735,2.8389,-42.7675,-3.8733,-110.8867,15.039,19.7774,18.9124,1.7712,-9.3027,7.9527,3.7125,-0.6837,-4.2194,6.613,-13.6197,-24.7461,-1.2047,-0.2515,-34.8371,3.7825,0.9897,-41.5424,1.4856,4.6925,2.7665,0.1719,11.3581,18533.5659,9296,LEGIT,09:18:25
21158.9846,-42.1777,-18.9658,-13.9625,13.7847,-48.1194,70.2428,-33.844,-11.9902,13.4191,-12.506,-3.7835,2.69,5.7427,-14.8794,6.5761,-6.2996,-24.6345,-2.0038,-6.6955,14.3406,-21.7873,-3.8782,-38.7765,-0.3526,6.3532,-0.447,-12.6556,11.5897,4698.1747,9033,LEGIT,09:18:26
149886.8198,-3.2541,17.3081,-0.4441,-0.8599,-108.72,60.5389,105.8129,4.4727,12.1315,-0.3868,6.6634,-2.2939,-0.661,-8.4499,-1.683,-7.5774,-6.6252,0.2187,-4.4046,14.3198,7.9059,1.1803,-34.7375,0.22,-2.6778,0.46,4.2229,-7.4115,4906.154,9064,LEGIT,09:18:27
73449.184,-55.3121,0.6079,-9.7015,-4.3183,11.6712,72.7489,83.1123,-3.9183,-8.5993,-20.3886,-2.824,7.1569,-1.1004,-0.6386,-1.7689,-8.7212,-12.7845,-9.278,-2.9149,0.9059,-31.8923,8.4335,17.6814,2.7309,-3.82,0.468,-21.3341,23.1892,16631.776,1068,LEGIT,09:18:28
125677.4675,1.3699,-19.3722,-44.6348,2.5066,-19.399,-7.5846,-21.9088,-39.1579,4.9261,-11.4995,2.2641,-10.9304,-0.7789,7.6921,2.9762,13.8536,-22.7268,-6.6164,0.7073,-52.4797,4.8867,-4.8954,-35.8554,0.6324,6.9818,1.7092,-2.5834,7.671,9027.9378,2756,LEGIT,09:18:29
166717.3651,-44.3816,13.355,-14.8286,1.2518,-9.6255,67.6885,35.4952,7.2028,-8.3892,12.4344,1.1844,-14.6848,2.4705,-15.0642,6.7132,8.52,-7.2777,3.0027,-2.754,-20.5516,-30.146,1.2401,-29.0265,4.526,-5.6954,0.6591,-8.8962,-2.9168,9789.4215,2470,LEGIT,09:18:30
151375.3887,-39.3108,-55.5076,-28.5357,15.5957,6.1777,62.3303,16.5284,-61.1866,-6.6738,-19.6716,4.7452,-6.4043,0.3982,-5.17,4.1011,3.7893,1.5181,-5.8489,-5.1167,7.8743,-32.3797,9.9295,-12.052,2.8288,6.5292,1.3384,13.7215,9.4738,9352.8255,1855,LEGIT,09:18:31
158733.3101,-7.605,12.6188,-18.8372,8.6001,-80.7075,26.283,42.2955,-8.1606,-11.0189,10.3644,7.4966,1.8982,0.9931,-0.3507,-1.1726,-6.8624,-5.7588,-7.7268,-0.4459,38.2191,-28.5446,-3.0884,19.4353,2.0764,-10.0803,-0.3241,28.7069,-8.9388,15730.7881,1147,LEGIT,09:18:32
39511.9681,-46.8536,-36.9745,-27.1354,14.9382,24.8303,-13.5929,-10.6632,-63.6165,10.4696,15.0234,6.7522,-12.2888,-0.955,-10.7923,1.843,-1.8133,2.5117,0.0376,4.1551,-53.2682,-21.8825,-5.4941,2.844,3.4734,6.606,-1.7556,31.2041,8.2318,3438.6801,4154,LEGIT,09:18:33
137554.7197,0.7872,-39.0865,-2.7089,10.2347,26.0785,-17.6426,76.3608,-9.7282,-6.3371,5.1443,1.3078,5.3017,5.4862,-2.382,8.0821,-12.2662,-15.0926,-7.6136,-1.3742,-35.725,4.4001,-10.8157,16.8266,2.1027,-9.3426,0.239,25.2985,23.6671,8083.7012,7581,LEGIT,09:18:34
355.3843,0.051,-32.7753,8.1885,5.9954,-85.2971,53.2072,77.3654,-19.9542,-6.7248,13.3955,4.5078,-17.4416,-2.3168,-6.2792,-2.9517,9.0737,-13.7793,3.4705,-2.3213,6.847,25.2267,-10.1148,-37.7133,-2.3226,0.4558,2.2714,-9.3342,31.2443,12399.2325,6992,LEGIT,09:18:35
143036.0451,-17.7373,-20.4096,6.3968,3.0083,-65.0582,3.3291,38.21,-55.0917,6.3362,1.8902,0.3475,3.5356,-1.0544,-10.1482,-3.0189,1.1391,-20.0338,-3.6216,3.6814,-9.8764,14.7291,7.8166,6.8398,-0.6075,5.7051,0.6551,19.8828,-2.4989,3785.6173,1973,LEGIT,09:18:36
25603.0529,-19.2421,10.2224,-10.357,2.8957,-97.406,-12.2507,77.5398,-61.1942,1.9588,15.0304,7.1361,-6.1547,2.4438,-8.414,-3.2451,-4.8112,-18.6113,-1.4305,-3.6306,-28.0463,7.946,7.0923,-23.6304,2.5274,-5.5357,3.103,-13.176,-12.5202,25168.5768,4284,LEGIT,09:18:37
5727.3991,-40.3079,19.1248,-14.5312,-1.067,-8.766,70.2423,12.6101,-26.7058,12.8067,-7.4755,0.7034,-12.0554,4.6871,-4.8708,1.3531,-4.9146,-16.247,-9.0965,1.7108,21.9208,14.7233,8.6789,-21.1332,-0.232,-5.6931,-1.7513,-15.6196,7.0094,7463.5265,1097,LEGIT,09:18:38
63272.3102,-13.0697,3.018,-34.7437,-5.6476,16.5193,32.1697,55.7814,-49.3027,0.7596,19.3773,9.7223,-15.649,-0.7211,-11.8199,7.2118,12.8245,-17.3391,0.8622,5.3786,34.1856,13.585,0.2533,12.0794,-1.6669,0.5182,-0.405,22.0282,9.3273,9199.4545,1394,LEGIT,09:18:39
105745.8693,-16.8173,1.9904,-5.4966,-0.475,14.5712,4.7692,8.1505,-35.2997,-2.7606,23.0475,8.1744,-9.3307,-0.2625,5.8278,-4.3319,13.5491,-9.795,1.7651,-4.7159,-26.1453,-30.2008,2.6544,-41.1656,2.2459,3.0264,-0.7971,24.9153,28.3259,4953.1205,5218,LEGIT,09:18:40
125733.4831,-25.501,-37.6836,-34.2879,-2.5804,-44.8255,-11.2506,-22.9774,-50.8272,0.217,17.2624,0.458,-3.1695,-0.6716,-4.3468,4.7352,4.3961,-22.3848,-0.0045,-6.1733,-26.6846,-9.9169,-10.7729,-16.7149,1.4931,-3.6689,2.3251,-17.8632,-10.764,9158.5805,5330,LEGIT,09:18:41
99321.492,-29.1983,-22.861,-14.0226,-0.1558,22.6308,38.769,-11.2695,-11.7441,3.7386,-10.2469,7.2953,-11.6982,1.6561,-10.9246,-0.6265,4.6572,-21.417,-6.7836,5.0185,-30.4175,0.3353,-1.4033,-32.0444,2.3875,1.9246,2.0741,13.761,15.1344,15731.7668,8598,LEGIT,09:18:42
138772.019,-31.3752,20.8846,-41.0597,5.72,-65.4257,-7.0154,-22.8917,-59.9559,-8.0236,-22.6195,4.7371,3.6895,3.3864,-12.64,7.7144,8.9379,-17.2844,-0.5695,5.4042,-50.3908,-21.5054,10.1883,22.1195,-1.8597,0.5378,-0.1891,27.8157,30.3907,57.3584,8505,LEGIT,09:18:43
39901.1661,-39.0574,10.2777,-8.6078,-3.5257,-47.9598,38.0739,71.6055,-68.6462,-11.2317,5.4211,7.5774,-9.1025,-0.2368,4.1986,1.1112,15.7051,0.2103,-0.0952,3.4451,34.4802,-33.126,-8.3047,-42.2896,1.3982,7.0901,1.1109,-11.1257,-0.7249,18328.1436,5147,LEGIT,09:18:44
42883.575,-17.9696,4.5071,-17.6936,2.1267,-16.5132,37.1673,109.994,2.3681,-1.377,-10.695,9.0739,0.3667,2.9528,8.9924,4.1757,-1.5355,7.6179,-6.5323,-0.9716,-9.7569,-9.8738,-3.5207,-37.9268,2.9091,4.9898,0.4456,17.8991,28.8975,20360.2426,1385,LEGIT,09:18:45
125633.8708,-35.0402,-46.8453,-35.9226,-1.4304,-57.0065,18.4547,46.0407,-3.8319,-3.6065,8.7244,-1.7324,4.1654,5.9331,-9.413,4.4932,-10.9486,-4.9594,-2.979,1.1368,-42.0436,-20.4358,-6.0995,-33.642,-2.4894,-4.2388,-2.0005,16.4176,18.4149,4802.1393,6967,LEGIT,09:18:46
152612.6627,-4.5196,-65.7798,-32.7755,6.1303,-5.0179,-15.8144,25.9642,6.8271,9.2269,-12.0538,-3.5191,-17.9351,5.2899,-15.8718,1.4236,-2.7363,-1.6585,0.929,-4.0469,10.8591,23.6876,-0.4489,-33.2477,-2.185,5.1823,0.8766,19.8803,5.0706,22745.2784,6573,LEGIT,09:18:47
95461.3757,-11.9668,-41.612,-8.5074,-1.4202,-73.3212,70.6339,-29.0977,-1.9364,3.0364,-14.4554,0.8706,-8.9105,-1.234,-12.4018,0.6753,7.1366,-8.7913,-6.8395,1.4103,-19.3448,20.4689,2.2507,-44.4911,-0.4804,-3.9118,1.4964,-10.2734,33.8319,12784.9355,4483,LEGIT,09:18:48
37007.1104,-16.1299,-0.3671,3.2891,9.933,-102.1171,-9.8879,61.4135,16.4192,2.1893,3.5437,6.3208,-3.2107,4.1403,-15.8342,5.6879,2.3713,8.0826,-1.4636,-7.2047,-43.4809,5.901,7.9539,-15.82,0.4738,-9.879,0.108,23.7017,14.0909,16966.6794,4701,LEGIT,09:18:49
39173.1835,-44.8114,-31.585,-45.9864,-1.6903,-28.0077,1.7876,-14.7027,-17.1771,-2.6787,-17.662,-3.5137,6.2822,-0.0879,-14.4453,7.8661,-11.5191,-8.2482,3.2237,-5.0455,-49.8316,-14.2684,8.7809,-1.5897,1.1748,0.3956,3.1368,0.8082,2.1723,24325.6474,8630,LEGIT,09:18:50
161496.2391,-42.2854,-31.5049,-47.0076,1.3253,-24.0693,41.6732,108.9401,6.5753,-5.0579,5.4198,8.1708,5.9475,6.2334,2.0447,-2.8701,-3.0016,-11.0747,-5.727,-6.2714,2.2553,-28.8178,1.7589,11.8738,1.0228,-8.8061,0.4658,11.9741,0.7347,12232.5024,5368,LEGIT,09:18:51
133880.9969,-24.4306,-63.1618,-32.0569,5.3872,-40.2344,-22.8676,26.8124,-69.8512,-0.8602,-8.427,-2.7631,-1.9892,-1.6002,6.4264,8.5103,-8.2534,3.0009,1.0114,3.0533,18.3722,-13.2453,8.0247,-7.1745,0.9065,-3.4499,-0.661,12.9078,26.7085,969.3931,1158,LEGIT,09:18:52
126806.8408,-34.4007,4.342,-5.9299,9.8311,-91.7527,66.2271,59.2686,-8.3304,12.5345,0.3101,9.554,-10.2321,-0.3568,-1.9551,5.9506,-13.4449,-6.9963,-7.4064,5.0353,-0.4324,-17.9746,4.4679,-30.2723,3.1134,-6.7717,1.9979,-13.0313,26.3413,22667.7023,7054,LEGIT,09:18:53
166314.0798,-53.5117,20.6664,-27.5021,-3.0414,-24.1763,34.8148,50.3526,1.1601,11.5704,19.6793,8.8311,-17.2577,1.7261,-18.5149,-3.9943,-4.522,-19.3952,-2.3659,5.0054,-33.9947,20.0457,-10.2241,-40.0418,-1.8247,1.002,-1.9757,8.3662,-1.2232,12276.0465,4701,LEGIT,09:18:54
20604.9193,-40.9374,14.7357,-33.3786,11.0965,-88.0521,39.412,7.6594,-7.4266,7.9589,-19.2832,0.2844,4.7657,2.7318,-3.4066,-3.3439,0.8195,-21.2256,4.3703,-3.6933,34.9245,18.7828,7.3843,13.8981,2.7977,-8.0492,-1.7793,-10.971,-3.7817,18155.3748,2563,LEGIT,09:18:55
40235.8158,-53.8056,-0.649,-43.6815,11.6848,-84.3812,14.77,28.3665,-45.0813,-13.0562,8.6883,11.3246,-0.7945,3.7918,4.7251,-2.5718,9.5594,-8.1264,2.0317,3.7654,-9.9606,-14.5424,-0.6431,-34.1949,-0.2514,-6.5836,2.3047,8.2606,-4.4572,7272.2359,6959,LEGIT,09:18:56
67634.3453,-52.0577,-13.5045,-28.9053,-0.3781,9.2233,36.1083,-26.8617,-20.0291,-1.56,15.9683,8.6109,3.9767,4.5876,8.3781,-1.5611,13.2313,-4.6477,-0.1949,-0.2773,35.3082,14.6174,-9.0046,-28.6161,2.1027,2.6212,3.3418,22.7149,16.821,15355.4326,1198,LEGIT,09:18:57
134736.0064,-8.734,-59.9139,-4.4359,-0.2271,-18.6581,37.2945,42.3966,-65.3236,8.0149,-12.1958,3.7511,-11.073,6.3637,1.8754,8.2796,2.5124,5.4916,-7.0685,1.8641,7.0324,14.3998,-3.2298,-1.1874,3.4937,-8.5364,1.9217,8.9713,17.7978,4336.1583,7969,LEGIT,09:18:58
57083.5833,-10.7795,-58.6206,-32.6237,8.3034,9.8256,20.1449,2.9568,13.5985,-3.6524,-7.9234,5.826,-1.3597,0.8276,-17.5576,4.6699,-8.3985,5.1246,-3.6388,0.9251,-19.0639,-4.8259,-10.397,15.5396,1.0848,-7.1243,-1.7441,-9.6084,10.2821,567.4905,3991,LEGIT,09:18:59
80353.1451,-48.2196,-38.2088,-42.3546,-4.264,-73.0958,-12.6207,80.6179,-44.6497,13.301,-19.4162,4.6416,6.4617,-3.8919,-10.6272,-2.7439,-0.4765,2.2448,-6.4963,0.5638,-31.7903,-22.3204,-8.0835,14.2572,0.2321,0.4769,-2.5,-4.1806,26.8056,8422.8606,9605,LEGIT,09:19:00
70378.6224,0.2243,-55.5531,-30.9363,11.1838,20.1801,-12.0815,-12.8059,-65.9537,-5.7691,19.4933,8.5324,5.4936,-4.2355,-16.1209,1.7659,13.7242,-17.6354,-2.8073,-4.3999,-13.8287,-23.0411,-2.6268,19.7519,-0.6321,3.7199,-1.6743,-6.0797,-0.2435,4729.2105,1227,LEGIT,09:19:01
151910.6219,0.0483,-48.3863,-31.1746,-2.4517,-50.2343,22.0414,50.9043,-52.2821,9.0777,-1.0601,9.2969,-16.0465,3.0758,-17.0293,-4.2748,-10.906,0.0762,-8.4798,1.6885,-11.3085,19.4877,0.5618,0.1071,3.9258,5.8059,-0.3687,-21.8443,24.6625,20878.4691,1300,LEGIT,09:19:02
28779.8435,-14.6064,-6.5497,6.4322,5.5707,4.6305,40.7957,118.3928,-11.2384,4.7696,1.5385,5.9199,5.953,-2.836,-8.0723,0.0959,-7.9256,-19.7828,-2.916,-0.3858,33.3886,-11.2204,8.863,4.8732,-0.5505,4.1243,3.3906,28.5811,1.726,2400.6035,6948,LEGIT,09:19:03
251.4485,-54.3691,13.2738,-35.952,11.8734,12.4857,13.3028,-19.5702,-60.542,-2.4241,-16.8208,-4.3349,-12.3094,-3.0304,-6.1582,2.9143,-4.6929,6.6127,-2.5978,-5.7543,30.87,-2.5789,10.2138,-0.0237,0.3025,-10.0618,2.7347,-1.5051,6.4292,14144.4141,8976,LEGIT,09:19:04
34128.0603,-21.6816,6.8857,8.9148,5.8475,-13.4809,54.6874,-12.7411,-41.0611,5.7234,-18.7831,4.646,-11.0635,5.5582,5.6248,5.9322,3.0147,-17.9255,0.5659,-2.6484,-35.2961,-13.8538,9.6546,5.0318,-1.0639,5.374,-1.5595,2.2476,24.5181,15117.3399,8323,LEGIT,09:19:05
68444.1536,-9.1128,-24.9785,-34.3985,-1.2574,-0.5752,33.0857,2.608,-21.5401,-3.1115,-10.5009,11.5103,-11.6226,0.3424,-1.8271,8.2497,12.7024,-1.0043,-4.1704,-1.8577,16.4198,-29.5909,5.6672,-0.5914,3.2613,0.737,-0.0712,23.5484,1.6062,20336.7764,4637,LEGIT,09:19:06
111729.2576,-45.9653,-41.2243,-41.6337,5.7089,16.8164,-18.766,4.7061,-13.0084,0.0959,-20.2722,1.0959,-12.0967,-3.468,7.5598,2.0974,-3.8165,-0.4275,-3.7322,-4.0235,18.2139,-11.9858,6.2706,-9.2298,1.0363,-0.0984,-0.2499,-6.7892,6.266,18190.3535,8423,LEGIT,09:19:07
149215.9746,-16.7591,-38.6881,-4.4827,-1.4826,-97.4953,43.8641,11.0254,-65.2401,13.4931,-22.6856,1.6884,-11.1989,2.2064,-2.0307,5.8302,1.3039,1.5087,-9.3845,-2.7762,9.8243,-1.9397,-9.7305,-13.2487,3.8489,-9.09,0.947,19.5751,-2.1501,17781.5535,8013,LEGIT,09:19:08
125938.168,-13.858,-37.7994,-9.0983,-4.8391,-84.8078,-21.6441,29.1755,-19.3022,-12.992,8.777,0.3419,-9.1982,3.5055,-3.2942,-0.0751,14.0157,4.0435,0.3476,-6.4286,-11.1822,-10.1658,-4.7618,18.8445,3.956,-3.5869,2.865,-15.2065,11.2646,8542.8423,8626,LEGIT,09:19:09
133086.6666,-22.2217,21.0961,-40.1187,2.9491,16.263,25.0096,27.8424,7.8266,9.785,-24.4412,-4.6028,2.0355,6.3913,5.2941,8.419,9.6739,-6.8919,-1.555,2.2355,15.6516,9.1783,-5.4816,-0.0211,-0.8012,-4.1929,-2.4912,-6.1221,3.6311,7532.6342,4159,LEGIT,09:19:10
39172.5061,-54.9381,-17.3475,-25.5187,10.637,-77.7403,40.8145,81.9285,-5.0919,-0.0205,16.4419,-2.2728,-7.9705,0.4097,-8.967,1.5647,2.8282,0.6741,0.9927,5.066,-40.5849,-4.0291,-8.8991,12.696,1.3569,6.5432,-1.1645,3.872,33.7597,12725.1007,4060,LEGIT,09:19:11
120735.7304,-53.4467,4.0084,-42.4121,4.7809,-29.6123,13.6156,-43.2204,-5.6833,1.9388,-7.8353,2.0154,-4.3108,-1.6968,1.3722,-0.1419,-8.0588,0.4794,1.8708,-5.0998,-28.9653,-5.5461,-5.4986,2.4595,3.4966,-0.2354,-1.7784,4.1561,5.3792,17659.5937,6265,LEGIT,09:19:12
48584.8263,-31.2962,-6.9301,-34.9887,1.4274,4.6491,27.483,56.8017,4.6418,6.3524,-24.3253,4.0087,-4.4278,5.2769,3.6555,0.9008,10.0113,7.5374,4.7074,-5.3432,14.0084,-28.8001,0.4596,0.464,0.2831,-7.5845,-1.6465,6.6979,32.9821,21234.4996,1505,LEGIT,09:19:13
158381.6033,-46.2488,1.8717,-46.7963,2.144,-100.5374,33.514,51.4347,15.0939,2.5678,0.1556,3.671,-10.9088,2.1973,-0.1173,3.5982,-9.508,-22.8741,4.5563,0.4982,20.6867,5.8917,0.8616,-39.3932,-1.699,1.3691,1.2439,16.2415,3.1566,11705.9697,2177,LEGIT,09:19:14
141422.3205,-30.9133,-7.922,-1.0845,11.1583,-9.2949,0.9433,75.7259,-56.6854,-4.2114,2.3735,6.8346,-4.7971,-0.8191,-18.6254,-0.242,3.0577,-22.4186,1.4795,2.7454,-38.0698,-21.499,-10.5717,-8.9273,4.5329,2.1567,-1.4218,-17.9552,30.4119,14248.2655,3493,LEGIT,09:19:15
91687.8952,2.1415,-31.0035,-37.0566,9.8446,-59.2997,-5.3239,-31.6131,-4.6072,5.4946,-22.7822,3.5603,4.3334,0.4869,7.7239,3.3572,1.4406,-9.839,2.4492,-5.518,23.2798,-1.8049,-9.3121,8.0696,-0.7305,6.0886,-1.9419,-0.9015,29.5559,13671.2514,6212,LEGIT,09:19:16
1864.1501,-10.1966,-29.9799,-36.1825,-3.9988,-103.4546,58.5231,-18.862,-35.5575,-11.3036,0.9775,11.9803,-7.2339,-5.0199,-4.1832,0.6933,-5.9718,2.3617,1.6021,1.2451,-30.5848,-11.9935,-0.305,-7.4341,4.4003,5.9175,1.9394,-2.7149,10.576,13841.0218,6323,LEGIT,09:19:17
69442.1521,-39.9207,7.1135,-38.302,12.2225,-30.7134,30.8241,59.5156,9.7039,4.2549,10.8303,5.6163,6.2827,-0.5579,-11.1737,-0.1768,6.7469,-10.9437,2.5979,-5.6177,-5.2058,-31.0598,-7.5404,22.2757,2.9977,7.1367,-1.9582,17.8552,23.7087,21982.6835,9764,LEGIT,09:19:18
28260.9553,0.8111,-64.22,-15.0442,2.8523,2.4248,48.3458,76.5967,-39.3697,12.7381,5.2434,-4.5639,-10.1795,2.08,-7.9003,2.2419,9.6513,-8.395,-4.4843,2.9238,-16.6908,0.6483,9.1463,-38.8246,1.5783,-0.6397,-2.4679,-22.3534,26.5323,24185.4383,4077,LEGIT,09:19:19
132136.959,-9.9286,-50.2998,7.9918,6.3881,17.3334,-22.0289,3.8016,-72.7154,-1.7123,-12.6819,-2.3683,-12.0749,-3.0331,-10.9846,-3.5653,3.3505,-21.6885,-4.6094,5.4504,35.4097,-18.5353,6.3503,-40.1678,3.6586,6.6017,1.7327,24.7245,9.4707,7598.6991,3797,LEGIT,09:19:20
39351.0314,-56.0379,8.9599,-22.9467,13.1425,1.998,9.7326,78.9813,-43.8992,-7.2634,-12.1161,8.6918,-16.0377,-0.6624,-16.3262,-4.0169,7.3715,-7.7459,5.0259,-1.9478,-10.4693,-17.1317,-7.8153,7.902,1.632,-2.8676,-1.3311,-12.3437,0.1575,9041.557,9367,LEGIT,09:19:21
48231.6088,-54.0537,17.8218,-47.8925,16.1076,-47.0819,60.2972,66.3308,-21.2722,-10.3769,-23.3387,8.9274,-4.2432,2.5243,-11.9663,0.6733,16.9915,-5.1274,-9.4232,-6.1883,0.2703,11.5364,3.2301,-35.2948,-1.6204,0.1671,3.1431,8.4846,15.8541,17686.1083,6262,LEGIT,09:19:22
81572.841,-27.0162,-57.5447,-35.6673,-3.7441,3.1186,57.5568,68.3538,2.9913,-10.2115,23.6675,3.6325,7.1956,0.6302,-15.5913,4.7738,12.0389,-7.329,-2.1865,5.3636,-29.7301,20.6475,-4.5587,-20.7464,4.1762,-5.9691,1.2612,7.1045,26.2477,23603.9578,2836,LEGIT,09:19:23
56640.3945,-30.8944,-30.0855,-16.812,15.4412,-76.4559,3.9072,115.2743,-24.6672,0.6215,2.535,5.3878,-5.9521,6.8051,4.7869,1.3713,15.0604,6.3355,-9.3332,5.5167,-48.786,11.3738,-3.5146,-23.2628,1.188,4.57,-1.1261,-12.4898,0.0355,11037.1732,5500,LEGIT,09:19:24
47305.823,-25.567,-19.2117,-38.7764,-5.0045,-103.5969,66.3133,72.6915,-30.393,11.6092,-5.7825,2.029,-5.7105,-4.9044,5.5048,4.1794,-13.9811,-22.2733,-6.1998,1.8874,-46.7618,10.52,-5.9837,-18.7929,2.2007,-1.9707,3.3544,24.056,-2.1929,1003.5626,9354,LEGIT,09:19:25
125683.5877,-54.4217,19.8943,-46.9587,4.073,21.8436,37.9297,60.1902,-65.2519,7.0966,-14.1991,7.973,4.9689,-5.7911,-16.8849,7.4677,6.8044,-16.542,-5.2596,1.9905,31.9777,20.4933,0.6574,-38.2643,-0.3376,-6.5029,3.2212,-13.5405,11.3126,17700.1188,9096,LEGIT,09:19:26
33063.5805,-9.0513,-25.5962,-19.4778,15.2676,-19.9679,-5.6927,-26.2691,-22.282,-7.6676,-18.647,11.7082,-11.1716,-3.9093,-4.6391,8.3627,9.0436,-13.0604,-3.5685,-1.173,-13.6744,2.1093,-0.2367,-2.1416,-0.3912,-4.9921,2.3025,27.4954,3.7918,10037.2835,8807,LEGIT,09:19:27
66876.8067,-35.7592,-57.5891,-2.2133,-2.4812,9.188,59.762,104.2323,-34.3901,-4.8515,4.6139,1.2239,4.4572,-5.7132,-1.2857,-3.0486,-11.907,-20.5292,-1.826,2.8877,-10.2179,18.4738,-8.5276,17.21,1.2817,-8.3483,-1.856,-14.8277,22.2112,4355.3399,8291,LEGIT,09:19:28
151916.9095,-39.4399,-65.1862,4.3536,6.8373,-42.7081,-17.5835,15.6375,-64.1075,-8.7475,7.0143,3.5754,-6.7353,-4.5084,5.912,-1.3278,2.0806,4.9703,-3.2425,-2.1404,3.6719,-31.2729,8.211,1.3749,-0.8983,7.4878,0.3822,4.7592,23.1183,3224.7012,1838,LEGIT,09:19:29
157922.9676,-56.2289,-15.0068,-15.1813,5.3724,-75.5566,29.1973,33.4548,-42.9961,-11.7054,20.594,-1.3285,7.0213,-2.3134,9.7204,0.7564,-2.7023,-17.6552,-4.0074,-6.9019,-18.9942,19.0559,-4.9905,17.5739,3.74,-0.5331,3.4419,26.4137,-5.8015,5055.0411,7910,LEGIT,09:19:30
144507.9545,-16.6883,-35.9488,-43.8544,7.2408,-3.8723,53.7808,46.4585,5.1394,-13.3187,6.4186,-1.3847,5.7806,-2.7471,-7.1872,-4.3008,15.8273,-15.2453,-3.636,-0.0421,30.089,11.5637,-3.2932,-39.6163,3.2518,4.2304,-1.8967,11.6327,10.4746,5365.8037,2405,LEGIT,09:19:31
44422.4023,-49.377,-38.1587,-28.0816,3.2071,-22.8648,13.896,-42.6434,-42.7695,-3.7607,10.6287,-4.689,-6.4871,2.4656,2.8019,6.1871,-3.2223,-7.9308,-5.3155,-1.8183,-24.8331,22.3031,-6.1483,-42.2155,3.5406,4.5487,-1.5089,19.368,22.3534,916.0408,9457,LEGIT,09:19:32
118212.9221,-38.8383,-50.28,-14.5792,12.7445,25.7154,15.6425,67.8215,11.4733,-1.0874,-12.8322,6.5132,-0.6158,-0.8617,-15.9639,4.6358,0.4365,-9.5567,-0.6883,5.3114,27.2931,-32.2017,1.0575,9.9015,-1.4306,-8.4817,-1.5334,23.4258,24.6519,17202.2579,1676,LEGIT,09:19:33
77390.7459,-53.521,12.4023,-4.0105,-1.7946,-15.2684,70.4702,21.9391,-71.4518,-7.3104,9.2259,-2.4695,-0.1414,2.8759,-3.0217,7.2714,13.563,-15.4172,-4.4168,-3.5069,30.8153,-1.9689,-0.2632,-44.3502,-0.2114,-8.5912,1.5927,29.0161,31.5973,4668.2833,8389,LEGIT,09:19:34
170611.2003,-49.2402,-43.5502,-27.3154,10.6991,32.8982,13.9169,29.6593,-38.4255,13.5815,6.6744,1.2455,5.1261,-5.631,-11.6522,7.5794,3.0952,-0.4052,3.5548,1.0244,-30.0471,-10.9406,-8.8436,11.6433,4.0126,-6.0761,3.0704,-7.4039,19.1883,17536.0947,1185,LEGIT,09:19:35
80064.5153,-26.397,-13.2379,-13.7307,10.2911,-9.1863,-8.4088,84.0108,-62.5484,12.8737,22.3068,-0.033,-4.7587,5.2472,8.2154,8.8476,0.802,-17.9071,-0.3117,3.6779,-14.8976,15.4175,4.6054,20.4369,1.3634,-1.6292,-0.9457,-2.5832,12.5127,19045.3632,4958,LEGIT,09:19:36
6393.2963,2.2735,-47.0051,-3.9006,5.1069,-74.0136,9.1015,50.0463,2.7418,10.9887,-19.2036,10.1848,-15.7903,2.636,-0.9898,4.0818,11.5244,4.4824,3.025,1.5555,-12.5126,-4.8859,-9.0984,-9.4938,-1.8892,-6.3945,-2.4768,31.0872,-13.5819,16773.5005,1244,LEGIT,09:19:37
162191.056,-13.0682,-69.2093,-28.5311,-5.5039,-72.8277,24.6239,-10.6048,-50.9201,-8.1997,-0.3778,-4.4191,-0.2828,7.0007,-16.9895,-0.0805,4.3709,-16.04,-2.1463,4.9966,-51.6589,6.0234,4.0307,-20.9304,-0.8079,0.3479,0.2754,29.8578,-13.7005,8493.2179,4326,LEGIT,09:19:38
164415.1493,-6.5746,-58.2316,-28.5733,1.503,1.8753,24.5229,-11.2658,-19.0126,-0.4571,-15.1099,-2.2017,-3.5832,0.3253,9.9247,4.0481,3.7654,-12.069,-7.7022,0.487,-9.7176,-31.443,4.7755,-10.2809,0.9492,-9.4735,2.9265,16.4534,24.0604,16063.212,4664,LEGIT,09:19:39
20005.6955,-38.0882,3.6984,-9.5345,9.0892,-19.2779,23.0138,-28.2762,5.5782,-5.3901,5.757,11.3784,-16.9019,1.871,-14.0966,0.7826,16.6451,-10.8697,-1.3966,1.0043,-6.6013,21.9506,-9.4706,-13.97,-1.2712,-0.4837,2.1273,11.8159,9.8073,4404.4532,7992,LEGIT,09:19:40
112442.6077,-20.3049,-31.898,-47.9369,9.624,-28.8206,-22.017,13.7111,10.9989,-9.7745,16.9562,11.2416,3.2494,6.5758,-11.2791,0.6734,12.0125,-1.3351,0.3555,-1.6041,-1.5343,-16.6814,-4.8732,-23.0983,1.2019,0.6341,-0.4172,13.4898,5.3901,1382.5266,8585,LEGIT,09:19:41
161541.8744,-31.7644,-45.978,-38.1803,-5.3977,-46.8667,61.7703,-34.6825,1.3232,-12.6889,20.6144,-2.5689,-12.363,4.3184,9.376,-0.9892,4.6257,-12.841,2.3225,-0.1935,-19.291,-2.4893,5.8752,1.766,0.5278,-7.0835,1.2318,-7.2908,-0.9042,8676.9468,7356,LEGIT,09:19:42
78486.7525,-8.7578,-15.0917,-27.3455,10.635,-106.7119,39.9868,25.8792,-27.5824,-2.9199,2.8324,10.4158,-5.4281,-0.1251,-12.1112,3.0721,15.2576,-9.0367,-5.8511,-2.1029,-44.8689,11.0148,10.4007,-41.1802,-1.326,-9.386,2.4203,12.0501,-2.1605,22996.1556,9180,LEGIT,09:19:43
57516.7402,-53.6248,15.7441,-6.4725,7.1372,21.8958,13.8577,5.1202,-2.5818,-1.9886,-4.3177,2.6172,5.4288,4.3362,-4.2439,3.538,3.352,-3.0028,-4.3877,-5.2841,-24.08,1.4593,-4.908,22.3158,-0.1639,3.2469,-1.9048,11.4057,21.2205,21491.321,2050,LEGIT,09:19:44
76725.1548,-38.3756,7.4037,-41.6253,2.3624,-104.0154,32.2269,118.6777,-71.3605,7.0689,4.6993,-0.6622,-6.4781,-3.7122,7.1198,-1.349,-3.5814,-13.1876,-0.3892,4.3078,4.6885,-34.5613,4.3905,-23.7731,4.4075,1.0491,3.0267,-8.0087,-13.5411,17008.1032,5904,LEGIT,09:19:45
13862.5085,-48.8066,-10.9303,-7.7181,-2.5504,20.585,3.9851,22.2129,-31.5012,-3.2006,9.0151,2.5891,-10.7543,-0.5928,8.5876,5.7903,4.5633,-20.3351,3.7157,5.1723,-33.0753,10.4194,-6.5751,-0.2223,-2.7393,-9.894,3.3058,-5.5836,12.6603,18472.1639,9307,LEGIT,09:19:46
126614.7132,-52.2284,-11.3886,0.7443,10.2079,-18.183,-3.4042,10.767,-44.0177,-1.2516,-0.9218,10.7511,3.5954,-1.5928,-3.9028,-1.6476,-5.4882,-17.3904,-1.6269,0.6164,-33.8107,-5.44,-3.1481,-11.574,-2.6693,2.8985,1.4042,25.8913,25.9532,1067.6636,4724,LEGIT,09:19:47
35521.6601,-31.3954,12.4831,-7.3928,5.2241,-40.2073,24.1466,33.2429,-64.5698,-5.0829,-0.1584,-0.9289,-1.3361,4.4373,-10.4719,6.149,-7.1949,-15.2123,-5.5282,-2.7379,14.3787,-19.6818,8.0577,-11.3554,1.6419,1.7758,-2.3782,28.2605,-0.3302,17195.6529,9499,LEGIT,09:19:48
22159.0452,-51.3557,-33.508,-38.3313,9.7935,-57.3215,26.0925,87.3137,-36.3871,4.429,-18.7678,10.5026,0.318,-4.2491,1.9725,7.649,11.9794,-3.9327,3.8044,-0.0009,-34.2427,14.63,-9.4281,-21.2077,-0.2072,-6.0001,-1.2922,2.7409,0.4626,21860.5633,4594,LEGIT,09:19:49
14158.3239,-48.1533,-71.1502,-46.4376,0.8866,-51.3716,20.3887,-42.042,-64.1684,15.3145,-3.3672,-0.7999,-10.8707,4.3199,-0.3472,-3.5594,0.9349,3.8018,-3.3734,-0.7093,-42.0933,-34.0024,10.0675,-22.251,4.1801,0.9777,-1.4986,6.6753,-2.8035,4743.5816,4928,LEGIT,09:19:50
171659.7419,-4.1556,-58.0331,-41.1425,6.7866,-17.1029,-15.3095,53.1706,13.2342,-9.4453,9.5447,-3.2831,5.3176,-4.7232,9.9637,2.7608,13.5267,-9.4843,-8.1907,2.4537,-48.0742,-28.3154,-3.8802,-27.2099,-0.403,-6.0053,-2.5361,13.767,-6.2747,18469.7098,1740,LEGIT,09:19:51
58945.9128,-34.711,6.7757,-4.1287,5.3653,-93.9495,55.2565,-5.1806,-34.7838,-1.8998,-18.3363,-2.9068,-9.0091,1.9731,-18.0857,5.4544,0.5503,-11.467,-1.1541,-4.0868,20.6817,15.4913,-7.4779,-14.2438,0.2918,-4.3451,2.0025,14.5906,21.6879,18596.8936,8429,LEGIT,09:19:52
143338.0132,-51.9602,-4.9272,-23.1373,15.8385,-2.5549,20.6136,114.2719,-72.8198,7.6527,-19.6565,7.6517,-8.2364,1.6208,2.5939,-0.0977,14.8773,-9.7865,1.5368,2.3926,16.9942,-32.5273,-7.7064,-23.0729,0.6872,-3.2192,1.2243,29.8281,-12.4042,233.7887,1372,LEGIT,09:19:53
53953.7239,-2.0573,-19.906,-7.768,-3.1516,3.3469,71.5607,-37.4336,-17.2422,-0.789,-15.8996,7.6161,0.8687,-4.4477,-8.3496,-1.5608,-11.4005,-10.1319,1.0682,4.8142,-12.254,24.9263,5.3647,-2.4596,-1.7303,0.1377,-1.9568,5.2512,0.0011,10293.4987,6105,LEGIT,09:19:54
94054.3837,-49.3597,-27.7717,-6.0661,3.2585,-68.648,29.5705,-32.9622,-31.4183,-0.9241,-5.7581,3.0445,-9.4628,-3.1586,0.4829,4.681,-1.2652,-2.4746,-7.5725,1.5094,28.4459,-16.5994,6.683,14.7399,0.1565,-9.5806,-1.7192,-15.3109,-14.1909,22339.9074,2542,LEGIT,09:19:55
88429.3011,-18.0193,5.2018,-27.6504,5.9195,-11.0945,-4.0388,75.5971,-54.6826,-7.3255,21.347,9.1195,-16.047,5.9767,-7.861,0.5654,-5.6357,-4.4618,-5.8376,4.6909,-2.2881,-5.6783,-4.7967,13.1777,3.7469,-2.317,-0.9299,25.0069,31.212,17327.4998,9602,LEGIT,09:19:56
162886.9828,-45.9502,21.4018,-39.8244,3.2442,-28.1967,-22.123,56.1547,15.4857,6.8458,-7.9642,9.2343,-18.6556,-1.9816,6.8205,5.0054,-6.7879,7.2156,0.7795,-2.575,-21.1585,5.3721,-3.2364,-36.5456,-2.6641,2.4746,0.3812,-12.5615,27.2041,1495.1051,9550,LEGIT,09:19:57
80072.2127,-20.9576,15.9969,-30.5439,3.6562,8.2064,-15.0682,105.2094,-12.5409,-8.4343,2.2617,-0.1603,-0.1584,-3.1795,9.7887,1.1313,-2.1818,-3.0596,3.9217,-3.2285,17.5077,-33.2123,5.858,-27.4913,-2.1452,5.6239,2.0224,6.2165,0.3844,22216.75,5114,LEGIT,09:19:58
104543.6006,-1.0982,-13.6786,8.917,3.4328,-65.6631,22.2416,107.5543,-25.9515,-2.5841,-15.6859,0.1362,-9.8633,-4.5567,3.5133,7.5987,-13.5063,-13.9938,-6.2409,0.1651,30.2059,15.0319,-1.9272,5.6769,-1.9098,6.2461,1.6056,16.8937,23.7702,19870.5904,5167,LEGIT,09:19:59
64186.1708,-38.6756,7.3381,-2.9118,15.6274,-21.2608,4.8102,72.9293,-26.917,2.8913,-12.4887,-2.8569,-12.1833,3.5177,5.9648,-1.3461,-11.2261,-21.3897,4.2022,2.0203,25.8197,-4.754,-6.445,-34.234,2.8553,-2.7381,-2.3828,-19.1169,-5.1283,9482.1894,3795,LEGIT,09:20:00
74958.5921,-43.5868,-18.5647,-37.9317,6.4435,-109.0035,20.932,43.9231,-36.2598,-8.7103,5.7397,7.1513,1.6123,2.6879,5.2001,5.564,-6.9255,-24.4884,-1.7654,-0.4448,-43.2849,15.6562,8.6213,1.1069,2.0788,-3.9139,-2.119,-11.8386,28.6017,5047.2576,9411,LEGIT,09:20:01
135440.3924,-52.4971,-3.398,-18.7577,13.0085,-65.3738,12.8414,87.7084,-0.5078,15.4853,-11.9963,-3.3229,6.4357,-4.0397,-16.9093,-4.4947,-10.45,-10.3439,-2.5049,-2.1076,-10.7554,18.0917,-6.9161,14.9566,4.5503,-5.8257,-0.324,2.379,6.1735,19027.0594,6062,LEGIT,09:20:02
142647.7485,-4.4806,-43.5944,-22.9767,8.4004,-103.7555,48.7992,20.6531,-26.3246,-7.0079,-17.7441,5.032,-0.9382,1.9573,9.3184,7.4793,5.157,-14.3016,-2.5347,-2.1751,-10.0715,-11.2758,8.1628,21.341,-1.8337,-8.1541,-0.4706,29.1803,-15.3244,5683.8513,5520,LEGIT,09:20:03
146790.9348,-14.5289,-24.8894,4.269,-4.2697,7.1613,56.8948,56.9668,8.9879,13.9204,-6.092,6.897,2.251,-0.6089,-4.1839,-4.2395,14.0006,-20.2568,3.4529,-4.9956,12.8884,14.3879,8.327,-2.68,0.6064,-1.7895,-1.8782,6.8299,13.681,1621.2944,6821,LEGIT,09:20:04
114966.1955,1.182,-54.6482,-12.9301,5.9604,-65.8267,58.0629,-12.4405,-13.763,5.9452,-21.5649,-0.6384,-12.82,5.6962,-6.3235,-0.7994,-7.0364,7.0025,-6.9149,-2.1935,-31.2728,-20.2756,3.3405,9.8754,2.0101,-9.3198,0.1247,-12.332,33.7888,21648.683,9419,LEGIT,09:20:05
133388.5053,-48.2275,-33.2995,-36.0234,15.9757,-62.9482,-11.9777,102.4982,-50.9097,12.3312,-24.1362,-4.3107,-9.2519,-5.2707,7.3447,1.5674,10.6247,-13.372,0.1196,-1.9919,-1.0312,-30.1083,-1.7039,6.5345,-2.4876,-4.8938,-0.8015,12.3425,8.2953,13127.9852,8266,LEGIT,09:20:06
5340.7841,-10.4804,-26.288,-43.7554,12.9482,-24.991,38.3245,-14.6147,-34.3191,6.828,2.3844,0.4612,2.3202,5.6408,-3.4833,6.9503,7.1893,-6.0623,0.6685,4.2896,32.2693,17.3296,-0.4948,-34.2296,0.6965,-0.7899,0.2213,-0.0296,21.9447,8836.9853,6023,LEGIT,09:20:07
67826.1432,-32.5869,8.6585,-0.7862,6.519,-44.6885,16.836,99.6368,17.4535,1.2996,-4.7752,-1.0966,1.5417,2.9495,-4.2287,-1.0012,-4.0903,-0.1624,-6.3293,4.5939,4.9416,-23.736,1.6753,1.7662,3.4512,6.8885,-1.8174,-9.4938,16.5791,10678.6709,8946,LEGIT,09:20:08
153696.8196,-50.7259,-38.1621,-6.4091,11.12,-3.6013,4.2759,-38.4393,-54.4833,-9.0661,8.5683,-2.1211,-1.1949,3.7291,-2.5572,8.0078,16.9107,-20.2013,1.2588,-1.0114,4.8291,14.9894,-6.9484,-33.2448,-2.0085,-9.738,-1.8742,-18.8648,24.308,24114.3459,8958,LEGIT,09:20:09
142305.3066,-15.5804,-68.5815,8.5276,-3.3402,-46.9593,17.1039,-15.8774,-60.2934,-3.2559,-6.4211,10.7865,-13.038,6.6882,-11.5362,-2.9788,-6.7932,-1.2954,-7.0571,-0.0223,-51.474,-8.8178,-10.6567,-26.5703,3.816,1.2035,2.2508,13.8986,12.3199,8376.7673,3912,LEGIT,09:20:10
134150.8537,-24.4461,17.5414,1.6985,8.2398,-3.5762,63.5463,17.9591,-52.2786,1.0586,-6.6507,-0.0064,3.7355,-3.3234,4.6173,-0.9432,-7.3593,3.4102,-6.2927,0.8943,8.1332,-26.9562,5.4622,-19.233,-0.9205,6.7467,2.3983,16.0546,23.4343,18819.0989,7651,LEGIT,09:20:11
122382.9516,-52.2766,4.0482,2.5571,4.0611,25.6546,-4.4021,29.3986,0.2148,-10.2445,-23.3766,8.6007,-10.2874,-3.8321,8.1368,-0.5932,13.5683,-16.725,-2.437,-6.6748,24.0529,12.1129,9.4326,2.0727,0.1687,4.4428,1.7308,-13.6835,4.39,22577.6125,9627,LEGIT,09:20:12
169586.4379,-51.195,-53.3639,-33.3609,0.7672,-85.9471,-10.6387,100.0417,-72.0047,-3.6773,0.1024,-0.4853,1.9694,-0.2201,0.8369,4.061,4.9682,8.8057,-8.1659,1.6401,-28.9756,-28.8475,3.0024,22.4923,2.4821,3.8348,1.2135,-11.9143,32.8646,21550.1812,4581,LEGIT,09:20:13
150122.0693,-47.6561,-4.3092,7.8966,11.1816,-45.5584,19.2423,56.4502,-27.2535,15.3401,-13.4822,2.8352,-2.6878,-5.509,8.2529,-1.4294,3.5565,-21.5846,-1.0184,-0.3551,4.3502,-15.6025,-1.8167,17.8621,-0.2167,6.6291,-2.2331,-9.9137,21.7786,24880.6935,7794,LEGIT,09:20:14
46124.0859,-47.4686,-66.8696,-17.0712,12.4796,-113.489,51.3629,-25.7672,-41.798,6.0527,-21.5458,3.8697,-11.5077,2.6786,-18.0383,6.2478,16.9265,-22.6234,-6.7551,-6.5558,-16.1125,-5.4773,4.7936,-6.5174,-1.5494,5.0799,0.5422,18.0924,28.8883,23688.2427,3982,LEGIT,09:20:15
108436.0955,-4.8306,-19.7647,-6.1188,-5.5091,-62.6225,49.5878,-38.4495,5.1748,4.3051,23.4069,-1.7708,4.1055,6.8084,6.9545,4.1551,9.4926,7.2569,-2.4671,-3.3562,-31.6349,26.9345,-2.5484,11.5944,3.4608,-10.1117,0.9621,-20.7799,14.7099,24521.6452,3352,LEGIT,09:20:16
160642.0006,-39.1058,-67.5513,-40.0951,-3.6626,-84.2751,40.7961,-41.1545,-31.9672,-12.2631,3.8022,4.9655,-5.5003,-5.3935,-14.4121,5.2308,10.4369,-1.549,-3.9617,-6.3388,35.0037,-12.7302,2.91,14.4228,2.1976,-5.6073,-1.4001,3.2094,6.3189,6999.5266,4115,LEGIT,09:20:17
151457.1769,-20.66,-11.5468,-30.5255,14.2738,-101.2675,-10.9853,95.276,-17.6968,-3.5711,2.9289,-2.2989,-13.9276,-2.7149,0.105,-1.1851,10.8271,-22.2768,2.7043,-2.4389,-24.6883,23.5537,-1.3052,-17.0066,4.5224,3.9788,0.5339,-9.0371,3.7565,4047.9909,5383,LEGIT,09:20:18
110919.9021,-27.4361,-18.4613,-37.1108,10.7422,-105.3207,21.4641,98.1676,4.2044,-0.8603,7.8638,-0.7025,2.4664,6.4084,-11.9102,7.6724,14.4196,-7.1381,-2.5301,4.7993,10.1562,-29.042,5.9232,-26.8358,-1.6316,5.6797,1.751,-3.5852,-7.8169,23347.1798,3646,LEGIT,09:20:19
18945.0054,-28.5763,17.6623,-16.9262,-5.0536,-106.7057,55.133,81.0563,-55.6788,-6.4484,-12.7591,8.8477,6.6119,3.3523,-6.8552,7.177,-2.7337,-3.0174,-3.8229,1.4684,39.0419,-10.6972,4.9043,15.8767,3.313,6.2102,2.4213,7.5632,-13.1682,7569.6986,4256,LEGIT,09:20:20
16341.6535,-20.5421,-72.6701,-32.3003,7.6672,-19.7627,-24.2373,-14.85,-65.893,3.8502,15.5799,6.0755,-7.7688,-2.087,-8.3773,2.0224,1.7975,6.177,2.6238,4.0145,-35.8577,-6.8525,-8.9116,-9.5891,-2.6545,-5.3296,-2.2908,15.2679,12.7483,3147.0316,6155,LEGIT,09:20:21
128845.5951,-18.9298,-35.9147,-37.0727,-3.9714,-108.2539,12.3741,44.9908,-56.9648,2.7715,4.075,9.1277,6.4302,-5.6676,-15.7708,6.839,5.9861,-2.273,4.5034,-1.5538,-52.7881,-34.0481,6.5847,4.6733,-2.4354,-5.6211,3.4279,-16.512,23.7704,12780.8135,4908,LEGIT,09:20:22
12702.7658,-4.0551,-49.9479,-37.2546,-5.6727,-35.0881,-6.9065,-27.2752,-12.2139,-12.2722,-20.5695,8.0058,-4.6183,-3.6671,3.6786,5.4378,12.239,-20.8732,-7.6639,-3.0969,-27.3492,-15.7677,2.6508,-28.5187,0.7898,-5.9759,-2.3173,-17.4659,7.5053,23480.2322,7944,LEGIT,09:20:23
129101.8015,-55.8059,-70.7189,-17.6663,11.0607,-25.2889,8.413,-33.533,14.9522,11.3728,-16.7685,11.9448,1.2656,0.4229,-15.1765,-2.5098,13.0565,-11.3028,-5.1316,-2.6818,-47.7393,-11.1517,-3.9897,-1.2844,-0.5866,5.8874,2.7726,8.6613,22.165,5919.1345,2165,LEGIT,09:20:24
86306.9678,-33.3111,-8.8892,-25.4745,16.217,-75.5534,-19.1871,42.1314,-9.4312,8.2112,-18.5019,-2.9863,-2.2247,2.2449,-14.5059,1.4007,-4.1137,1.8033,-6.7162,-3.6329,35.6384,-13.5517,0.0083,-25.074,3.2391,-4.1281,-1.1774,-18.5023,2.6876,13217.4164,3711,LEGIT,09:20:25
119702.9334,-45.4859,-42.1397,-43.3645,0.3209,-72.7063,59.7095,-33.9142,-68.9713,-4.9144,2.3363,-3.8047,5.6656,2.6696,-0.4946,6.0641,13.8697,-12.4719,-0.3597,-4.6935,4.0864,-12.3281,5.3062,-36.2687,4.3768,-0.3906,0.3013,-10.6138,11.8564,14752.9024,2839,LEGIT,09:20:26
72354.8108,-54.5457,-57.0999,-3.5809,12.8583,-10.3905,10.3892,118.9102,-67.611,4.9031,-5.7202,1.2078,-15.194,-0.135,-1.4156,4.593,9.5103,0.9617,4.2057,3.8577,2.7242,7.9969,1.4483,-12.5444,-2.274,7.2149,-2.4571,18.5244,10.7942,1116.7657,8311,LEGIT,09:20:27
77559.1228,-8.4954,-56.5384,6.1441,-4.155,-47.2227,-7.9584,-5.1402,-27.9885,7.3678,-10.1743,-2.9961,-8.2143,1.5793,-0.837,7.321,6.0056,3.4334,-7.9421,-1.2928,1.3021,-5.6258,-9.8995,3.0548,4.248,-2.0953,-2.5709,28.1492,9.9599,21854.8987,5064,LEGIT,09:20:28
159943.8582,-2.1958,4.5637,-5.0398,11.1935,-111.9192,33.3211,-23.5946,-33.5545,-0.9005,-0.9053,8.8675,-3.7595,4.3078,4.3483,-3.7832,2.4219,-12.7533,-8.0114,3.3691,-9.6435,26.1642,-2.7881,-35.9955,-1.1882,-1.7683,3.4407,2.5712,-10.6173,14250.7662,1785,LEGIT,09:20:29
141915.1314,-24.1153,-31.4946,-10.058,12.0414,-64.9899,44.2145,109.6262,-23.8856,10.784,-16.403,10.5221,-0.3758,5.9352,6.4911,-2.4891,-12.0061,-7.2591,-1.3459,4.2299,-12.5316,5.9911,-7.3503,-16.0197,2.4123,6.5699,0.0412,-14.5756,15.7756,16998.1246,1545,LEGIT,09:20:30
1345.101,-1.5579,-42.4524,-6.8764,1.0118,4.2862,65.5805,110.6064,8.3334,-10.9463,1.358,-0.3175,-11.1728,1.0078,10.3811,-2.343,-7.9676,-7.1353,-0.9997,-6.5775,-11.3911,-25.7014,-0.7658,-40.165,4.1335,4.7065,-0.319,21.4899,2.081,20925.81,5894,LEGIT,09:20:31
90896.4659,-54.1299,-25.8658,-30.1591,-2.4226,-47.8317,70.6509,-8.9787,-60.9766,2.9634,-13.3548,-0.3023,-8.8536,-3.1926,2.2735,-3.9714,6.1791,1.9715,-3.3632,-4.3084,-5.2718,12.9621,4.4958,-18.3026,-2.1076,3.6023,-1.1623,-21.5997,28.45,14362.5858,5593,LEGIT,09:20:32
151022.1483,-5.3931,6.9049,-6.6931,-1.1179,21.9132,-7.8439,22.7513,-58.8354,-2.021,16.726,1.4176,-16.3122,5.1786,4.4136,-1.1424,-12.7253,0.1334,4.6761,5.0209,-12.0389,-23.4791,-10.9046,20.5348,3.1796,-8.098,2.8905,10.3531,-5.7117,17247.4059,4268,LEGIT,09:20:33
60093.4627,-1.2919,-5.517,6.0891,10.5192,-68.1286,-24.2581,59.4504,-33.9235,14.1294,-12.2167,9.8937,1.9792,1.6365,-18.808,5.8226,6.2683,-19.3712,-3.5023,1.4914,27.1103,20.2475,5.3867,7.659,-1.6724,-5.4952,-0.9072,15.118,16.5271,25011.3828,1986,LEGIT,09:20:34
46707.5481,-24.8358,-9.6649,-9.3042,-0.6199,-18.3459,58.5636,16.2503,-8.5051,-1.0041,-13.1391,7.6268,-5.2808,-2.1192,-7.6091,2.0885,-0.295,-14.6559,-4.0417,2.7546,11.615,-1.6603,-0.6175,-38.7619,3.1471,-4.4943,-1.5631,9.1119,22.4232,7839.9417,9609,LEGIT,09:20:35
158283.0899,-32.7711,-60.0527,-21.5725,11.5119,-107.1519,18.0674,72.1707,-9.8618,-12.0548,-14.1558,3.3395,-18.0486,2.2271,8.6903,1.4905,15.2525,-24.7956,-2.4551,4.564,2.1925,0.4584,9.269,-33.7385,-1.8451,-4.8483,-2.4788,1.4404,0.9462,16041.1741,1225,LEGIT,09:20:36
6732.5035,-42.6541,2.2001,-43.8556,7.0846,-26.0361,-8.2351,-27.6908,-57.8901,-5.776,2.1822,-2.7058,-1.3246,-1.8074,3.574,7.6418,-4.2343,-19.9912,-3.1399,-3.2192,22.8752,-30.5256,9.9197,-17.2494,-0.1574,3.9611,1.3168,24.11,8.4948,22056.6962,2255,LEGIT,09:20:37
47039.7809,-1.0389,-16.9011,-46.6803,7.4625,31.3956,18.8437,10.5426,18.5319,1.6566,-14.6636,6.6243,-1.5492,-5.5825,3.4192,-3.5657,-0.3369,-13.2668,3.2645,-7.2024,30.6661,1.4648,7.7917,-38.902,1.8906,-6.4757,-2.0077,-11.7993,-10.8762,4066.3211,8236,LEGIT,09:20:38
2637.0681,-7.3708,-53.0196,-29.1379,-1.3014,-47.8702,35.3335,-0.8602,-65.2005,4.7757,9.1663,-2.1365,-0.0232,-5.6214,-6.6102,6.5605,7.9275,-1.7926,-0.3708,-0.382,-9.6946,-20.9201,-5.9652,-43.0324,0.1223,0.4617,-1.3821,-3.2328,24.1336,21039.8164,4768,LEGIT,09:20:39
74606.4336,-30.5412,-43.719,-46.8467,10.2799,-46.7933,43.5896,88.865,5.6708,15.3678,14.1714,-0.9319,1.8522,5.1437,8.5793,-1.9335,14.3325,-6.8185,-1.9982,1.5329,-31.9145,23.5501,8.639,-6.1991,-0.665,-0.9172,-0.6673,-5.6329,-6.007,4072.2196,2255,LEGIT,09:20:40
132927.887,0.3688,16.4782,-27.5597,-0.0706,-3.1136,37.9384,64.9534,-40.8039,-10.1314,-10.7665,8.0318,-14.6747,5.8844,4.1001,8.3708,1.609,2.2012,1.2349,0.5387,-24.305,-12.459,-10.8096,-41.6823,-2.1108,5.2738,2.6085,15.5696,5.4465,19711.9162,7314,LEGIT,09:20:41
119584.3322,-10.5718,-65.1682,-17.2316,11.2087,-57.1166,-18.7665,53.7675,-10.7364,4.6309,16.6544,4.7756,-5.8573,3.3873,2.2705,1.9792,-6.8236,-5.6104,-6.2214,2.3687,26.8526,10.3035,-7.5206,-28.967,-1.4251,1.3865,-0.5614,-11.9886,23.168,18704.8807,2512,LEGIT,09:20:42
128376.6005,-1.2282,-32.7162,-44.2041,8.5759,-97.4908,-5.7209,-22.5996,-39.9334,-3.4468,-2.2153,8.8257,-18.3803,-0.5756,-3.3559,-2.5644,-13.9464,-11.3527,-5.8555,3.3751,25.8946,25.4935,4.7808,-26.7696,2.9543,3.1774,-1.852,20.718,-7.5774,4709.8626,5079,LEGIT,09:20:43
136982.8598,-37.1521,7.1994,-10.874,16.6744,-27.1765,6.1492,98.864,-39.7489,-11.6923,4.209,4.429,-5.467,-1.4636,2.0572,2.9881,14.8715,-14.7572,3.7544,0.9092,-29.8968,-17.8654,-3.0117,-26.7114,-1.6534,4.8854,-0.3788,26.5192,20.4069,17328.855,3484,LEGIT,09:20:44
132871.5778,-23.024,-59.4226,-5.1883,4.9628,-54.2426,-10.128,74.4842,-41.5047,-5.485,4.2136,9.9078,5.6195,2.1553,2.2862,3.7436,-4.5998,8.4518,3.5805,3.6676,-11.6836,-22.3745,10.1901,-38.7308,3.8809,-1.1511,0.8923,22.9772,-7.2453,19092.1805,6059,LEGIT,09:20:45
43785.3984,-50.9411,-17.7756,-37.6504,4.1339,-109.6803,23.2669,38.9179,7.6996,-6.6974,7.0082,6.7209,-3.8441,-4.7811,-1.3951,5.4377,16.3303,-20.38,2.7753,-6.9332,32.8925,3.2834,0.5392,-17.2485,1.2554,-2.7295,2.1616,5.8906,-11.028,18886.5969,2430,LEGIT,09:20:46
150619.1572,-23.4712,20.1883,7.3943,16.4424,-59.6937,-23.1968,66.4628,-48.4142,2.0278,-7.458,11.9887,-6.024,-3.3442,4.0186,0.5265,9.0785,-22.7283,-2.0385,3.7558,21.0947,24.9073,1.6416,-35.4311,-1.7467,-8.893,0.9599,-15.6321,23.453,4917.8112,9193,LEGIT,09:20:47
97561.4216,-2.4676,-33.3655,6.2005,-2.7484,28.9678,-24.9091,90.8673,-72.5967,-12.5532,19.316,7.5858,-11.8169,3.3355,4.3238,1.8915,-6.6193,-3.9416,4.9889,-0.4089,10.6607,-2.2766,4.1928,8.2685,-1.658,6.5748,2.5304,5.3516,27.273,12984.449,8091,LEGIT,09:20:48
114929.1926,0.2933,-28.4123,3.0393,3.4554,9.1276,-16.6806,6.8509,-23.6332,-0.4399,-20.8089,-2.1037,-2.1405,5.7891,-2.1808,-0.6106,5.2576,-24.2985,0.7288,2.3685,24.3941,-21.538,1.6984,-16.8584,4.0107,-0.1086,2.6787,5.472,30.8772,6530.3252,2867,LEGIT,09:20:49
41950.9043,-50.5514,-35.6636,-33.3722,-2.1284,-91.3143,-20.7952,53.1148,-59.1811,-6.21,2.3674,5.841,-3.4239,4.9855,-14.7865,5.0336,-0.7833,-12.0468,0.2144,-7.1538,5.7725,-29.2788,-3.0203,-4.1848,-0.007,-3.2067,1.2777,26.3867,-0.8375,7154.6027,9723,LEGIT,09:20:50
172278.6833,-30.5214,-56.8012,-40.0049,8.6949,22.8571,35.3861,-37.392,-8.1749,13.5136,21.8881,1.4691,-4.266,6.6333,4.222,6.1099,-7.7438,-23.449,4.8339,0.3275,-19.9344,17.1368,-7.4261,-41.9505,2.801,7.1569,0.449,11.462,31.6853,14462.0278,2362,LEGIT,09:20:51
169235.9104,-6.1179,-4.7826,-4.0189,10.2902,-105.933,57.8051,66.8889,6.7731,5.7893,-17.3374,8.4176,-10.0396,3.4823,6.5994,-1.8383,2.9311,6.7088,2.2575,-1.094,-15.0816,21.4659,2.7445,-30.7425,0.381,-9.3124,-1.7698,2.221,13.6326,25450.8369,7708,LEGIT,09:20:52
49630.5672,-10.1443,-26.7422,-23.1552,-4.756,-108.0249,48.4352,83.6963,-7.6764,-1.6784,17.6728,3.2303,-16.2183,0.5463,-12.9429,3.7536,11.6258,-12.0618,-7.541,3.7788,-48.5337,-28.4321,9.7938,0.2536,0.6683,-7.9722,0.7012,-6.1624,18.4997,4598.872,1748,LEGIT,09:20:53
108513.3924,-24.7694,-14.1602,-25.6175,4.7481,-81.2501,-1.2933,7.7552,-50.6059,-3.7284,-12.1054,8.7314,-5.4546,-3.4772,5.8493,-0.8557,-9.582,-15.4677,3.5209,-1.4916,-53.8633,-2.1125,4.0916,-32.411,3.02,3.2357,0.7277,2.9163,-8.7731,1746.9905,8865,LEGIT,09:20:54
53187.3281,-4.2277,-18.5829,-7.5616,4.5324,22.4264,-22.8736,9.9443,-17.531,3.8403,-16.8226,-2.0426,-8.5576,-1.619,6.4446,0.2567,-5.8737,-5.2228,-8.674,2.796,-51.0987,3.4079,6.5562,1.2147,2.9484,7.3697,2.1034,-20.1312,30.8815,2151.3692,7291,LEGIT,09:20:55
69978.4317,-28.867,-29.7676,2.7517,8.3629,-49.2133,63.5012,108.0694,-26.4356,-2.4325,4.3481,-2.8611,3.7166,-0.58,-7.1306,7.2251,-10.3223,-0.8423,1.4112,1.7235,-53.9214,-21.594,-7.6167,-5.1174,-1.885,-1.3323,-0.0818,15.7314,21.4953,4478.9171,1976,LEGIT,09:20:56
4082.5295,-44.9959,-45.3742,-35.5439,5.9816,-39.6689,59.4839,32.1942,-53.5044,7.5009,-11.1468,3.5734,-16.1875,2.588,-17.9633,0.8595,10.779,-19.6837,0.4442,-5.5691,18.9368,19.8353,-2.7464,-11.1629,2.0085,1.9149,-0.7165,24.4604,11.0107,10907.2854,4589,LEGIT,09:20:57
59816.4146,-10.2217,-65.2861,-44.763,-0.3194,-75.061,36.4598,23.4831,-9.6229,8.6731,-3.6621,3.1101,4.2179,2.7094,8.5968,2.007,5.2521,1.5087,4.2053,4.5418,-25.7697,19.8906,7.3235,15.6253,3.3942,5.3989,-2.0719,-13.5829,13.4584,13067.6917,5206,LEGIT,09:20:58
116911.6583,-24.9328,0.3076,-45.5863,2.4032,-95.873,4.838,55.5517,-17.756,7.3841,-5.4702,-1.8857,-16.7544,5.2154,-18.5102,6.8007,-12.5597,-15.0453,-1.3981,2.4684,-13.0913,9.5082,-2.5244,-9.7257,3.2141,-4.7794,2.8328,29.9061,24.5886,1633.1859,5443,LEGIT,09:20:59
90225.7095,-53.1014,-64.7202,-34.4403,15.4026,-52.1426,28.7697,47.7217,-42.4039,5.5311,-3.2895,5.8902,-7.0466,1.7991,0.1782,6.0545,-13.3026,-21.2358,-4.3016,5.1533,-32.0806,3.0328,-4.1204,12.9822,3.1059,-4.9174,-2.5273,12.1907,31.7396,16843.6807,1248,LEGIT,09:21:00
22371.7424,-28.0955,-24.0507,-40.2545,6.7832,3.5342,65.351,94.7348,-3.3257,15.2247,-14.5243,5.6584,7.3353,-5.1893,-8.1843,4.4714,8.7579,-3.9418,-8.541,0.7654,-28.9723,-24.5435,-2.5168,5.1481,-1.7336,1.0876,-2.5467,-15.6629,8.3969,19781.4276,1874,LEGIT,09:21:01
73351.5537,-13.2797,-33.3825,-1.4792,1.1164,-87.3636,64.1202,-2.4424,-63.1099,-4.1599,5.7673,6.5967,-17.1576,0.9645,-18.7389,0.0566,4.9242,5.4432,-4.2961,-0.1198,-11.119,-18.7714,-4.7766,12.8504,-2.2654,-7.4731,2.4451,-3.5809,25.8786,23056.6871,9300,LEGIT,09:21:02
131399.5664,-14.1762,-21.9095,-47.1526,-1.6677,5.6452,54.0788,87.7891,-48.2905,9.1869,15.9314,9.0696,-14.2961,2.2664,1.2201,4.1083,-9.4429,6.8898,-6.0857,2.3584,-34.5408,-21.8137,9.9149,-2.1187,-0.9713,6.2179,-1.8006,-21.3489,-5.4448,11099.2534,1412,LEGIT,09:21:03
125099.9062,-6.3059,-7.0629,-30.0239,14.5875,-29.6256,7.2163,-36.593,-25.6402,-8.7396,11.6511,7.9313,-3.0224,-4.7459,-13.0292,-1.9893,15.1183,-4.7484,-6.4105,-0.3747,-34.3523,-0.6778,-9.0755,16.4813,2.4381,-6.324,-1.5401,-4.7128,16.1677,5032.5209,6086,FRAUD,09:21:04
171834.3245,-22.4559,-71.5008,-44.3206,1.2773,-100.4876,36.37,62.0366,-43.9078,-8.6217,19.9815,9.5229,2.3241,2.5026,1.1877,6.2347,15.0595,-4.1262,-6.5086,0.8964,-51.9582,26.6694,-1.6638,-19.9658,2.5207,-3.943,2.5089,-21.7797,10.3053,8274.3695,5558,LEGIT,09:21:05
149934.0803,-53.5599,-35.7529,-11.1422,13.8896,-100.9167,56.4962,18.5828,-28.4369,2.0573,7.6613,10.3424,-14.1297,-2.1012,0.5266,4.3714,-12.1108,7.4331,-8.2692,-0.2339,9.7401,-28.551,4.2442,-28.6519,-0.0481,-8.5521,2.729,-4.0093,12.0368,5675.1411,9680,LEGIT,09:21:06
161678.5108,-13.7986,-31.2312,-33.1589,6.8895,-39.481,56.3568,93.7117,15.1041,11.4799,13.669,3.7962,-3.8944,0.0618,-9.0725,3.9827,-4.8091,-15.3323,-4.7153,-5.8254,-54.481,-24.197,-1.537,-20.9935,1.6329,4.3585,-1.8344,-4.9648,4.4628,17424.9311,9772,LEGIT,09:21:07
166724.9931,-20.8319,0.8503,-39.2995,11.5923,-59.6009,-7.1401,105.6465,-29.7158,-12.6492,20.7335,5.485,-3.3429,-3.1456,-1.2929,6.1976,-13.6141,-0.3564,1.8349,-2.466,-17.501,-30.1643,0.5472,22.4274,-1.684,-3.5594,2.8807,-11.9741,27.9746,21448.8859,2888,LEGIT,09:21:08
81351.6679,-7.7038,-37.7075,-28.6704,3.9661,28.0928,26.5678,13.3456,-54.5345,12.4154,-0.6858,-3.3337,-7.8216,-3.3369,5.6683,1.2454,11.4737,1.1294,-5.9983,4.643,-30.4379,-1.5648,3.7638,-39.6283,-1.4519,5.8908,0.7778,-22.5323,-6.0535,16087.8682,6719,LEGIT,09:21:09
113404.8486,0.508,-4.6044,-30.4924,11.1435,-98.0002,19.583,88.7684,-8.849,5.5165,18.2698,11.9892,0.7356,-1.2099,-9.4736,-1.2801,-1.552,-17.3686,2.5124,2.1187,9.747,-15.1106,-7.4964,19.4802,-0.2493,-0.4941,-0.781,23.3288,1.1424,17430.5207,2837,LEGIT,09:21:10
138794.6947,0.3143,18.4746,-34.1424,-5.1502,-23.23,60.4658,118.0266,-10.2204,10.9412,20.8263,11.0375,3.4887,-0.1738,-14.1054,-3.767,9.3099,-15.3174,0.7063,1.3896,0.1374,24.5506,7.3283,12.8936,4.3532,-0.197,1.2632,-10.8045,26.7183,15539.9124,5498,LEGIT,09:21:11
88412.4637,-27.1363,0.7927,-39.5549,15.8544,16.1117,39.9857,1.2731,-40.2349,6.9256,2.3038,-2.7594,-2.389,-3.2785,-0.8754,2.1679,14.2168,-0.969,2.1004,-2.42,-50.7246,-5.4639,0.4538,-12.5251,-0.8972,-8.117,-1.7722,23.3617,25.0662,13058.9001,1390,LEGIT,09:21:12
11050.8892,-22.5422,-43.2874,-42.4342,-3.9291,-64.6774,17.6279,74.5678,15.547,-2.0503,-0.4829,7.725,-12.7604,-3.5059,-0.3793,3.1099,9.4292,2.9786,-5.4409,2.19,-38.1938,-24.8825,9.4847,-13.8081,-1.9723,-0.0459,-2.1008,27.1521,-9.5334,13102.3766,1938,LEGIT,09:21:13
16175.2132,-10.47,-15.6016,-0.9486,-1.0153,-27.5503,-4.9541,-8.5155,-45.1698,-9.601,13.5133,-2.2403,-16.8532,-0.1486,-10.0928,3.1443,-4.4959,0.056,0.6249,-3.3778,-16.9468,-9.5475,-5.0983,-43.0019,1.4788,5.7245,2.2836,21.4662,4.5913,17762.2948,8711,LEGIT,09:21:14
155836.5191,-50.9691,-70.8962,-25.6665,-1.56,-25.7228,6.2674,101.6607,3.0197,6.456,-14.5446,9.4035,-0.5314,0.0147,-3.3656,4.8821,-1.7171,-18.918,-3.0282,1.7026,24.431,-18.4043,9.3403,15.5853,2.7233,-7.9073,-1.132,-2.8401,-8.971,24662.8238,1135,LEGIT,09:21:15
162208.6239,-12.2418,-41.8293,-13.1862,13.6905,8.691,68.7437,7.4978,-62.1665,9.4966,23.1268,5.9504,-8.3578,6.7187,-17.7016,7.3146,15.8154,-4.5325,3.1695,-3.8934,27.578,25.8552,-2.3874,-3.6842,3.9489,-9.9377,-2.3107,-13.0981,1.9016,4848.4945,6173,LEGIT,09:21:16
144869.7866,-25.4781,16.2221,8.443,16.808,9.0252,30.4902,-7.4668,-36.6853,-6.3852,18.0257,10.8606,6.6644,6.3674,2.9545,-1.9244,-4.7962,-13.551,-0.6268,-4.6917,-0.8319,-33.5805,1.669,7.6198,4.3437,1.7884,-1.108,-13.5667,2.1333,4203.3407,7596,LEGIT,09:21:17
142361.4996,-8.6649,-44.7912,-8.7442,16.5861,-8.5438,6.3532,75.3472,-33.6115,-10.2378,-6.0688,2.1021,-15.5383,-4.2228,-2.5162,3.476,14.6544,-5.8676,5.0125,-2.8797,-8.2958,-12.0241,-1.9658,-30.3067,1.1585,2.3074,2.3898,-8.3201,7.9646,9247.6959,5885,LEGIT,09:21:18
133289.7386,-20.4471,-62.1203,-11.3637,3.5241,-99.4106,61.3347,0.53,-49.9234,0.2211,19.2258,2.8351,-1.4425,-1.7033,-18.1787,8.8034,-5.8193,-13.6351,-6.286,2.8323,-43.0818,21.1554,5.9953,-5.4859,1.2739,-4.5514,-1.6712,-21.2334,14.0747,22660.0591,7699,LEGIT,09:21:19
70429.8685,-12.4191,-41.4588,-38.8841,8.4201,-47.5225,66.8443,108.6778,-22.3486,13.7983,16.0103,10.6833,-3.1518,-3.1261,-4.37,-4.4208,7.3498,-10.7302,2.7697,-3.7077,-51.8338,-17.4589,9.0691,-14.6095,-2.5803,-9.2828,1.3612,-10.0035,30.2008,2386.3158,1362,LEGIT,09:21:20
147733.1439,-52.0635,0.1399,-9.1082,16.3008,-19.3245,67.3947,73.6882,3.2315,-12.3999,15.9252,6.3968,-3.6575,0.2384,-13.1362,0.3107,3.3219,-10.5691,-2.6277,3.2189,0.9467,25.3528,6.248,-21.3002,-2.7768,-5.9544,3.1568,23.3108,-13.5201,8943.9896,4377,LEGIT,09:21:21
84307.0014,-7.9011,-40.8846,-3.7751,4.9508,-21.0626,41.5314,78.2297,-11.7873,13.5477,-11.3031,2.5919,5.4699,0.7916,-1.3537,-0.0177,4.7096,3.6108,-2.3479,-4.5639,17.5633,-30.6228,8.2949,13.3506,1.4006,-2.2576,2.2929,-19.8766,27.8741,5227.9117,4152,LEGIT,09:21:22
145936.351,-6.7215,-44.0094,-14.8251,16.1333,-56.8787,51.06,65.99,-71.2946,7.6991,-16.7154,6.6508,4.8321,6.6265,6.7582,1.0563,-10.9618,-18.4203,-4.8593,0.2476,-42.9816,-22.4799,1.0561,6.0268,3.6932,-8.2881,2.3882,29.2379,-1.7273,19908.9623,4827,LEGIT,09:21:23
157278.1802,-27.6041,-64.9884,2.8561,-1.0692,-36.9268,72.3632,16.5461,-53.0805,15.4448,21.806,5.0055,-10.1299,5.7004,-0.0296,2.8203,15.0404,-22.9114,-0.8801,-4.3762,12.0858,17.7712,-4.5067,4.7018,3.4436,-10.1769,1.162,-8.6214,16.6091,18661.6475,2696,LEGIT,09:21:24
96766.5627,-35.9921,-3.6629,8.0259,6.1501,-50.0279,-9.1786,25.5867,7.9084,-8.6271,-17.6288,11.4883,-5.8535,3.4856,3.3633,-0.1101,7.9564,-7.1139,4.0316,-1.7815,8.7617,-6.7301,8.12,-43.7318,3.3637,3.492,-0.7341,-11.0475,33.4225,3233.4371,1463,LEGIT,09:21:25
43294.4885,-4.8784,19.3769,-34.5401,10.7466,-44.0811,-7.8912,107.8041,-56.9718,-1.0154,-21.6858,9.5111,-18.6036,6.8723,-14.3222,5.6758,12.0431,-17.6708,-2.8349,4.6067,-22.9978,-22.684,-9.7595,2.8952,-0.5968,-4.794,2.2959,23.2209,-4.9985,23161.0052,5944,LEGIT,09:21:26
18149.078,-24.6479,-67.7409,-16.9432,8.2983,16.3077,65.5634,84.1306,-62.8374,5.1967,2.3171,5.8848,5.7967,-1.941,9.4818,-3.7023,-8.644,-17.8712,3.1952,5.3879,-13.2722,15.4918,-8.7032,-25.8575,1.9911,-0.2824,-1.9145,4.1273,-10.1708,21917.9302,8483,LEGIT,09:21:27
12342.7967,-48.9875,20.0897,1.3734,1.3582,-57.0883,-14.371,70.7087,3.5462,-11.6311,-6.8036,5.2587,-17.8572,-4.4838,-4.1175,3.7996,12.1914,-4.5722,4.2581,-5.1238,18.5891,4.7455,10.2478,-24.0591,-2.4873,5.4925,1.2571,18.9367,12.0038,13544.2842,7194,LEGIT,09:21:28
167759.9181,-49.6723,-35.906,-45.9606,4.2319,-79.9877,59.9672,-8.0211,-10.779,-0.6648,4.7376,-1.0507,-12.3149,-2.4204,-10.7585,2.7777,12.9104,-7.5439,3.6029,0.8733,-50.074,-26.0577,4.6003,-40.9869,-1.7028,-6.0989,-1.3051,3.5685,3.5793,13384.7157,8352,LEGIT,09:21:29
58868.5722,0.6857,-40.4033,-2.2008,0.202,-19.3076,66.6776,72.9425,-59.8638,-4.2711,-5.444,6.3175,-17.6804,-0.1834,-6.5018,-3.3204,16.0496,-5.6308,2.8123,-6.3553,9.2957,16.0839,-5.881,-15.9436,-1.7072,6.4254,0.1248,16.9415,-12.8799,11650.7096,5677,LEGIT,09:21:30
159646.2376,-8.9927,-7.8892,-20.0471,7.3511,-80.1965,30.7129,41.3772,0.2373,-13.1461,2.3384,8.0587,-17.9573,1.522,-9.9141,0.8824,2.8392,-25.105,-7.5578,4.7623,-38.0468,-2.4638,8.3207,-15.685,-1.1713,-2.6705,2.9701,-8.9728,12.2566,12239.4392,3378,LEGIT,09:21:31
152204.5708,-48.7374,-35.8035,-15.0842,-4.2158,1.9988,11.8084,48.7094,18.6721,12.1023,-2.2563,-3.6494,-13.4047,-0.8048,3.8994,4.8824,11.3172,1.978,0.3533,4.6764,-54.3373,-1.6161,-3.8146,-29.5729,1.3464,-2.8832,-0.2818,1.5291,-5.5095,24777.2073,2458,LEGIT,09:21:32
122218.2351,-10.1393,-7.5791,-33.7134,-4.2592,-38.3681,23.4389,-0.6683,19.9757,-7.7385,5.3411,9.727,-17.8378,-3.3895,-6.25,7.6787,11.8487,7.0879,0.9863,5.3307,-49.3049,20.32,2.5785,-17.0687,-0.1717,-4.9675,1.0864,25.671,0.5991,2964.3497,7151,LEGIT,09:21:33
45476.7194,-54.5046,-36.8952,-10.1811,11.111,-55.5374,33.0237,-17.8257,8.7338,-5.0907,16.2809,1.6169,-12.4583,0.9018,1.5331,0.4051,2.8061,-17.7937,-1.5314,-6.2011,37.9602,5.1091,6.1318,-17.3966,2.435,2.842,3.1045,17.7589,15.7936,11183.7717,8981,LEGIT,09:21:34
140346.9773,-26.6042,-46.6262,-14.7847,8.9967,-64.2742,53.312,61.0487,-40.3895,1.1314,10.0142,10.4781,-4.8757,6.5007,-17.2026,-0.3881,2.0581,3.5395,1.5644,5.1422,-38.0803,-30.4849,9.9034,-4.8275,3.2939,-0.3137,3.0935,15.7482,28.0982,23235.1011,1861,LEGIT,09:21:35
22066.6507,-16.7739,-70.0272,0.2204,14.6171,6.8506,11.5684,-12.7233,-70.8668,-4.9326,-24.3464,5.1012,-0.0264,6.9021,-9.9762,3.2197,-0.4335,-15.7106,-5.0007,1.9821,26.6602,-30.3039,-10.423,-7.5254,1.0274,-9.7562,-1.1052,-9.4124,-11.9153,19993.074,2996,LEGIT,09:21:36
70349.783,1.8057,-1.4246,-33.1872,1.0855,-29.1361,21.4381,22.7161,5.1176,-5.3486,-2.4365,-0.3652,-11.1859,5.0345,7.4161,5.1257,13.8108,-2.1891,-8.7503,4.5734,34.8379,26.8907,-8.9672,-7.0344,-1.3588,-9.5818,2.39,9.924,6.9836,10233.6854,3657,LEGIT,09:21:37
96501.8515,-36.7427,-20.8631,-42.6915,16.0267,-65.0327,21.5668,-1.2084,-9.2738,-7.1788,2.1792,7.8523,-16.3483,-5.0862,-7.7601,-0.7218,7.3306,5.4749,-7.468,3.0028,-19.214,18.1947,-5.8744,-10.4976,1.8621,-4.829,1.4808,-4.2376,-5.2422,9049.8171,4089,LEGIT,09:21:38
81493.9424,-55.0211,0.9679,-30.747,-1.9233,6.7366,-25.3619,79.7516,-36.4511,-10.4055,-12.2143,3.8514,-8.1053,-1.1776,-6.6358,-0.2878,4.3742,1.1032,3.0036,2.652,-30.2343,-25.8125,8.1565,17.1149,3.9068,-8.2004,1.8258,-15.7894,17.4115,3352.6885,4193,LEGIT,09:21:39
145628.8706,-54.6454,6.8174,-14.4105,-5.3368,-97.438,54.0221,-22.355,8.5758,-9.7955,-21.713,-2.3868,-7.408,2.6565,-4.688,5.4515,-4.4867,3.9786,3.7314,4.9359,-53.5571,-0.7161,6.5544,-43.2033,2.0601,-2.0423,-0.3167,-9.3951,19.0441,13085.6275,9997,LEGIT,09:21:40
167627.6263,-38.6478,-25.2896,-39.8646,16.0901,-84.0338,69.9703,-27.8976,-16.1765,12.4048,-24.1065,3.3218,-5.4215,1.2955,4.3372,-0.9499,-8.9617,-4.067,-6.9378,-6.9078,38.1682,-11.5839,2.7448,-9.6858,-0.4505,7.0347,-1.6693,23.5193,23.5979,20758.0969,3403,LEGIT,09:21:41
108223.8558,-30.1764,2.9449,-4.1809,1.5425,-33.9392,-25.049,1.8329,-22.2861,-1.0438,11.9584,9.2507,0.5626,2.7659,-18.5746,-2.483,-10.6688,-19.5597,2.8575,-6.5174,5.8072,-16.5521,-0.0702,-35.7803,-0.6025,3.4127,0.4158,16.751,12.8035,4512.7421,5890,LEGIT,09:21:42
128263.8465,-24.9548,-63.6443,-28.4297,15.269,30.756,0.3981,90.3365,-38.1038,-7.2726,11.0828,-2.5338,-16.685,4.7727,-16.215,-3.2788,10.2724,-10.0384,4.8319,-6.3756,-22.3193,20.6908,-8.516,-16.9153,-2.4175,-5.8496,0.1168,20.0047,-12.5619,1777.4466,1319,LEGIT,09:21:43
172709.5191,-50.517,-36.786,-8.1066,8.1954,-52.4878,-9.6509,70.8869,2.4349,13.175,-0.8307,4.6803,0.9404,2.2,1.8931,6.1817,-3.92,7.8793,-9.3555,-4.7135,-1.2211,6.8914,-0.5348,-25.4919,-0.8905,-6.3556,-0.6041,18.7789,6.6183,4493.8436,8508,LEGIT,09:21:44
32888.8029,-20.1002,-47.1062,8.6528,6.149,-3.0428,21.67,27.2408,-24.042,9.521,-1.6033,-0.4435,-13.6878,-4.548,10.0882,6.7173,5.8768,-13.4948,3.8017,-0.8844,16.0298,10.2883,-7.1188,-15.2274,4.3761,5.6387,-2.1305,21.6453,-13.8621,2220.0059,8010,LEGIT,09:21:45
81738.3211,-22.0197,-55.2192,-34.116,-2.1287,-112.9114,29.5387,66.3112,-4.9802,1.1052,7.1899,-3.6,-6.3811,6.1164,-11.4843,5.702,6.0367,0.2938,-5.3615,-3.5121,-0.6189,-12.3106,-2.409,-23.9871,-1.0496,-0.2266,-0.9054,4.911,-7.3188,16209.6417,4452,LEGIT,09:21:46
24776.1666,-5.4878,-27.6182,0.1024,15.5965,-104.6714,5.0031,87.1395,-32.0325,8.4802,-22.6602,2.3543,-10.0029,-4.8178,-17.6277,0.5521,-10.5244,5.3943,-8.9216,2.2235,-17.8962,-33.4561,-4.1153,-26.5223,4.2693,0.8454,-1.9013,22.8878,11.1398,22560.0692,5504,LEGIT,09:21:47
116629.4609,-11.4167,-66.2455,-34.9731,3.6857,-23.7139,-22.7476,-35.9399,2.607,-11.7901,-3.0223,5.5696,-10.4339,-1.3933,-0.3263,-4.125,-5.8525,6.3248,-5.4115,-3.8085,12.6908,18.0883,8.0107,-9.5414,-2.7121,-8.7225,2.1147,19.6287,14.2888,1336.4115,9638,LEGIT,09:21:48
44225.918,-6.9144,9.9109,-39.272,7.899,-29.1229,69.9916,59.6473,3.946,14.7153,-2.0665,-1.9517,3.5265,1.0293,-9.9344,-1.0859,9.003,-21.0212,1.9745,-5.8359,12.875,17.2163,-4.5789,-6.3003,3.7309,-4.7878,1.3089,12.2209,10.7056,635.2483,7956,LEGIT,09:21:49
36459.7028,-51.3745,-51.9867,-36.1898,3.8612,-34.9663,5.3283,60.2473,-18.947,0.054,18.947,-1.6184,3.6636,-4.5118,-11.0584,1.8809,11.6592,-7.471,-2.7197,-2.9419,-25.2542,17.4385,10.2254,-24.4233,3.7631,-7.7345,1.8874,25.786,29.5798,17138.4501,1696,LEGIT,09:21:50
16736.9513,2.4396,-60.5499,-32.0669,-3.8824,-54.9431,-5.3865,100.167,0.3962,-6.1476,-3.2811,3.3233,7.3807,-5.1253,6.793,8.502,14.0287,-21.2069,3.3043,1.7461,15.3634,-30.4561,-9.4432,5.4216,-2.807,-9.2862,-0.4726,21.0452,-2.5024,1126.3625,3910,LEGIT,09:21:51
93547.5625,-34.9071,20.7935,-5.8841,1.2937,-24.2029,-22.7501,17.3145,-24.2092,-4.7481,15.5564,1.5095,7.1395,-0.4333,2.9223,0.5949,4.6349,-23.2524,2.5043,0.8332,-42.5859,-16.1095,0.7277,0.2623,-1.1266,3.2692,0.7135,-0.0456,26.2255,2106.7331,2689,LEGIT,09:21:52
139504.9388,-51.7583,3.2839,-16.1972,14.144,6.75,-11.9356,83.6351,-14.9831,-3.131,8.3445,-3.7011,3.1048,-0.9843,5.2401,5.3709,-9.0032,-1.6619,4.4253,1.1703,2.5725,7.1538,5.5326,-24.5534,-2.744,7.09,2.2716,6.618,31.8018,9826.4496,5444,LEGIT,09:21:53
15420.2356,-23.0199,12.5204,-20.4262,4.4994,-78.3169,0.6089,-6.3715,-8.4164,2.488,-17.6387,4.8966,3.9933,-2.8381,-0.5982,4.8132,6.7057,3.2465,-9.3205,-0.8761,-9.8553,-24.429,-3.8383,-3.2213,4.5149,-9.0554,-0.1524,-19.6204,-3.9106,25356.4961,5315,LEGIT,09:21:54
2012.0439,-32.4683,-17.7872,-33.6404,11.6603,-34.6061,58.0882,64.2167,-30.1022,-7.4108,15.8884,4.9322,2.0049,-1.3802,8.8642,-2.8119,-0.0678,-15.9866,3.1717,0.6037,33.1875,-28.6697,6.5751,-37.2034,-1.6078,-8.3397,0.1851,-21.3687,26.3654,1256.2761,4662,LEGIT,09:21:55
114543.0145,-28.9934,-8.3598,-27.3037,14.2599,15.7927,68.2181,64.6912,15.5748,8.9724,11.7534,3.286,-5.8866,-1.8824,-6.5346,-0.1098,-8.3282,-9.8661,-2.6956,-3.329,-4.0449,-0.4575,8.8636,-33.0958,-2.7087,3.6484,0.6856,14.6566,11.7337,9158.1155,9720,LEGIT,09:21:56
89556.6928,-35.4337,17.6903,-34.3511,15.3708,-8.6563,14.3703,42.9752,-71.7742,10.3124,-23.5606,-4.7473,-7.5521,-4.8993,-5.9961,4.0086,11.9581,-9.8178,-6.9251,4.2161,-43.6879,-15.8936,5.1116,-0.0437,-2.2101,2.7238,-0.8988,-2.2594,1.9802,4506.9059,9847,LEGIT,09:21:57
139724.7828,-14.6151,6.5235,-25.3134,-0.9651,-81.9062,1.0459,66.7957,-68.9828,13.9656,19.207,11.0058,0.0999,2.5394,-9.8626,7.3837,-2.6471,-22.0098,-3.6724,2.6348,1.4571,-5.071,4.2017,-36.6698,1.7658,3.3646,1.9856,-20.5726,-0.4578,447.4177,2918,LEGIT,09:21:58
134824.9827,-6.1675,-47.5926,-12.3356,1.2787,-22.4937,5.6573,-29.9049,-27.097,-13.2148,-3.8688,8.3019,2.0786,0.3695,1.4931,7.6804,-9.5262,0.3507,-2.3543,1.5319,19.1283,18.1853,5.8357,-25.8836,0.4104,0.6914,-1.4333,1.5135,23.4491,4540.6381,2964,LEGIT,09:21:59
128249.6507,-13.1373,-23.1323,-12.6827,2.9122,-79.0381,37.4999,88.3738,-48.039,8.2842,4.5759,5.5948,5.5555,6.3796,5.22,4.5324,-13.4418,-19.3829,-9.3957,-6.328,-51.5066,21.074,5.0287,-43.7293,-0.5344,1.51,2.2678,-4.3239,15.3404,10579.6824,7736,LEGIT,09:22:00
42290.6416,-9.5727,-72.5444,-32.1007,9.0708,19.3647,21.5758,24.3206,-13.3578,7.6026,10.0403,-2.2534,5.0275,-0.0736,-4.4353,-1.9424,-2.6666,1.6236,1.1469,-6.0083,-54.2171,23.8156,-7.5853,-13.5096,2.1619,3.0099,-2.1551,-21.6153,20.3814,4858.2556,5070,LEGIT,09:22:01
55537.4739,0.1015,-46.5999,-4.8181,5.9574,-65.9711,41.3919,47.2687,-7.8752,6.7869,18.7075,5.3704,-1.6132,2.9135,-7.4589,5.3235,-13.8911,-11.8773,4.6724,2.3792,-30.9548,-9.3404,2.6487,-43.2238,4.3053,-7.0806,3.317,-1.7533,12.388,25133.1201,3211,LEGIT,09:22:02
24751.9252,-19.2951,11.8118,8.5373,7.5502,-71.2859,-5.8849,-13.7008,-61.5867,-2.5784,-17.9789,0.3382,-11.1244,5.5204,-1.7137,-1.9019,-0.3026,-22.1654,-4.3746,-0.5325,-54.1151,-18.8585,0.4507,-42.6668,4.4401,-3.473,-1.7591,31.2878,28.4528,3595.1609,1875,LEGIT,09:22:03
63414.7339,-38.8472,-53.9215,-6.9918,6.7691,-87.4752,5.9122,55.4913,-53.4638,0.8064,-22.9483,-1.8377,-9.052,1.9079,-8.1977,-3.9621,-1.2215,7.5264,-9.1442,-4.6042,31.5788,18.9889,3.9259,-22.7771,2.5063,0.3948,-1.6707,-1.0411,30.0432,12526.7491,1068,LEGIT,09:22:04
149957.7958,-14.1386,-27.3419,-28.6074,11.9157,-47.2818,49.7921,88.6889,-49.8546,2.8282,4.6529,0.4443,-12.5324,4.6862,6.057,6.0159,-11.6746,-22.1087,-1.0211,-6.278,-17.7658,-7.6984,-10.6551,12.9238,-0.5198,2.8195,-0.0664,23.0191,20.1559,15090.7177,8528,LEGIT,09:22:05
31936.6978,-9.3398,1.217,-4.92,1.8982,-67.0723,15.4819,-19.9235,13.359,7.6337,-8.489,7.8296,1.8516,5.9817,-5.2032,5.2158,5.3618,-10.2845,-0.3594,-5.7529,9.4272,18.9425,10.351,-4.7628,-1.2528,1.7378,2.5821,23.3814,0.7793,14354.9047,6212,LEGIT,09:22:06
